timestamp,cnt
2016-10-12 14:00:00,1463.9183384867815
2016-10-12 15:00:00,1562.4723095073557
2016-10-12 16:00:00,2191.9721038282078
2016-10-12 17:00:00,3964.5679874029956
2016-10-12 18:00:00,3782.278713576644
2016-10-12 19:00:00,1985.311667895261
2016-10-12 20:00:00,1015.8161067560654
2016-10-12 21:00:00,690.782216418718
2016-10-12 22:00:00,520.771445943734
2016-10-12 23:00:00,349.01061259507856
2016-10-13 00:00:00,164.96041832576486
2016-10-13 01:00:00,100.16844747967848
2016-10-13 02:00:00,79.14991880846226
2016-10-13 03:00:00,42.84451686342338
2016-10-13 04:00:00,42.928961837266804
2016-10-13 05:00:00,105.59484005665182
2016-10-13 06:00:00,714.5792812666544
2016-10-13 07:00:00,2515.6237536279705
2016-10-13 08:00:00,3462.437933997462
2016-10-13 09:00:00,1730.2186729641435
2016-10-13 10:00:00,750.561194181678
2016-10-13 11:00:00,1060.0194906225115
2016-10-13 12:00:00,1310.3171558491647
2016-10-13 13:00:00,1294.4941364707781
2016-10-13 14:00:00,1294.2665513458214
2016-10-13 15:00:00,1360.3696059282834
2016-10-13 16:00:00,1967.5326239536125
2016-10-13 17:00:00,3605.849551907065
2016-10-13 18:00:00,3476.7569641477785
2016-10-13 19:00:00,2048.2713922532303
2016-10-13 20:00:00,1238.5471984940928
2016-10-13 21:00:00,895.370541617685
2016-10-13 22:00:00,696.3705224187408
2016-10-13 23:00:00,482.62345272118245
2016-10-14 00:00:00,299.76701513317437
2016-10-14 01:00:00,170.58174046085907
2016-10-14 02:00:00,109.22187160765908
2016-10-14 03:00:00,71.23832857857755
2016-10-14 04:00:00,62.55986301775195
2016-10-14 05:00:00,125.12858676789773
2016-10-14 06:00:00,626.4290011376871
2016-10-14 07:00:00,2215.59690835111
2016-10-14 08:00:00,4401.717663171712
2016-10-14 09:00:00,2439.707834829611
2016-10-14 10:00:00,1222.9883714128025
2016-10-14 11:00:00,1195.7064951577547
2016-10-14 12:00:00,1490.2032661369294
2016-10-14 13:00:00,1544.92443743983
2016-10-14 14:00:00,1463.2262756227924
2016-10-14 15:00:00,1555.8665438563164
2016-10-14 16:00:00,2070.7191457358585
2016-10-14 17:00:00,3347.573331374603
2016-10-14 18:00:00,2924.7357972605478
2016-10-14 19:00:00,1790.6643113861965
2016-10-14 20:00:00,1078.86512610005
2016-10-14 21:00:00,801.6149389436367
2016-10-14 22:00:00,711.2987945652649
2016-10-14 23:00:00,614.0776153312613
2016-10-15 00:00:00,550.0175311969234
2016-10-15 01:00:00,431.1278427832003
2016-10-15 02:00:00,325.59529348091286
2016-10-15 03:00:00,224.5351314637746
2016-10-15 04:00:00,158.7025345513414
2016-10-15 05:00:00,119.12756055215682
2016-10-15 06:00:00,143.49237453818276
2016-10-15 07:00:00,298.68492429904643
2016-10-15 08:00:00,572.3041199557059
2016-10-15 09:00:00,1085.6609255667145
2016-10-15 10:00:00,1583.1966332822406
2016-10-15 11:00:00,1968.5951794284274
2016-10-15 12:00:00,2333.2580363660436
2016-10-15 13:00:00,2511.992504848403
2016-10-15 14:00:00,2783.149269068779
2016-10-15 15:00:00,2900.92975498723
2016-10-15 16:00:00,2800.218714504803
2016-10-15 17:00:00,1598.5221649665875
2016-10-15 18:00:00,941.6778752712319
2016-10-15 19:00:00,759.4784053496653
2016-10-15 20:00:00,560.7778298643809
2016-10-15 21:00:00,652.0764353492496
2016-10-15 22:00:00,610.4673893582309
2016-10-15 23:00:00,592.6356771670579
2016-10-16 00:00:00,592.1351964050903
2016-10-16 01:00:00,442.78917151109283
2016-10-16 02:00:00,330.4634000065988
2016-10-16 03:00:00,218.5074841041479
2016-10-16 04:00:00,145.38539044195284
2016-10-16 05:00:00,105.01992431332106
2016-10-16 06:00:00,129.0517337712745
2016-10-16 07:00:00,170.36482209782227
2016-10-16 08:00:00,304.8702656253298
2016-10-16 09:00:00,516.1827135122512
2016-10-16 10:00:00,1323.1363369063295
2016-10-16 11:00:00,1833.2950976925924
2016-10-16 12:00:00,1809.841876424717
2016-10-16 13:00:00,2020.201449923775
2016-10-16 14:00:00,1979.4147514645229
2016-10-16 15:00:00,2053.214109824874
2016-10-16 16:00:00,1978.9321861998483
2016-10-16 17:00:00,2044.789181563325
2016-10-16 18:00:00,1757.6754210101294
2016-10-16 19:00:00,1210.9426562748715
2016-10-16 20:00:00,769.2429752605836
2016-10-16 21:00:00,629.4632310604543
2016-10-16 22:00:00,540.1299857900971
2016-10-16 23:00:00,342.71896626776794
2016-10-17 00:00:00,232.88201595952083
2016-10-17 01:00:00,127.68167238155337
2016-10-17 02:00:00,76.48331393392405
2016-10-17 03:00:00,50.728761866495645
2016-10-17 04:00:00,50.29129514886559
2016-10-17 05:00:00,129.65885724096336
2016-10-17 06:00:00,735.0879882332431
2016-10-17 07:00:00,2544.8656386493903
2016-10-17 08:00:00,4658.58660355588
2016-10-17 09:00:00,2488.2972756223044
2016-10-17 10:00:00,1163.6381527748174
2016-10-17 11:00:00,1134.863764055315
2016-10-17 12:00:00,1423.3132818694648
2016-10-17 13:00:00,1284.5681853721362
2016-10-17 14:00:00,1416.6316188158123
2016-10-17 15:00:00,1533.3796737488797
2016-10-17 16:00:00,2252.088345615264
2016-10-17 17:00:00,3568.4825035056456
2016-10-17 18:00:00,2980.276759668661
2016-10-17 19:00:00,2009.6359874584127
2016-10-17 20:00:00,1155.4252733881556
2016-10-17 21:00:00,790.1193562604061
2016-10-17 22:00:00,551.2947840051813
2016-10-17 23:00:00,360.6170865204027
2016-10-18 00:00:00,185.89638122342808
2016-10-18 01:00:00,97.76134411074918
2016-10-18 02:00:00,62.90505233508554
2016-10-18 03:00:00,42.978282660322606
2016-10-18 04:00:00,45.58306275736636
2016-10-18 05:00:00,126.90442199327458
2016-10-18 06:00:00,776.874904240222
2016-10-18 07:00:00,2628.874591289722
2016-10-18 08:00:00,4916.9221948902
2016-10-18 09:00:00,2064.588824142732
2016-10-18 10:00:00,855.330729987444
2016-10-18 11:00:00,1012.5201334997143
2016-10-18 12:00:00,1317.4060654550303
2016-10-18 13:00:00,1363.843917972271
2016-10-18 14:00:00,1386.6020514161082
2016-10-18 15:00:00,1502.4720455493862
2016-10-18 16:00:00,2123.085429381841
2016-10-18 17:00:00,3920.7714349543885
2016-10-18 18:00:00,3800.202194741966
2016-10-18 19:00:00,2179.02644182773
2016-10-18 20:00:00,1185.3008973470783
2016-10-18 21:00:00,817.1684719446414
2016-10-18 22:00:00,557.468658791097
2016-10-18 23:00:00,345.52679430812304
2016-10-19 00:00:00,171.82460732390032
2016-10-19 01:00:00,99.35868182461965
2016-10-19 02:00:00,65.17857047304354
2016-10-19 03:00:00,39.87552801814775
2016-10-19 04:00:00,45.62529892410511
2016-10-19 05:00:00,121.46381683058749
2016-10-19 06:00:00,737.282661098443
2016-10-19 07:00:00,2588.567130775976
2016-10-19 08:00:00,4900.149869168599
2016-10-19 09:00:00,2495.8651685345694
2016-10-19 10:00:00,1162.1138107883107
2016-10-19 11:00:00,1138.3798022857036
2016-10-19 12:00:00,1385.5935289791125
2016-10-19 13:00:00,1378.0857667516652
2016-10-19 14:00:00,1387.7658288853188
2016-10-19 15:00:00,1497.4422251399228
2016-10-19 16:00:00,2123.339761403584
2016-10-19 17:00:00,3879.0961577014514
2016-10-19 18:00:00,3592.242408992107
2016-10-19 19:00:00,2104.1824050742716
2016-10-19 20:00:00,1256.875013323635
2016-10-19 21:00:00,899.3039348929215
2016-10-19 22:00:00,683.9467911844939
2016-10-19 23:00:00,436.8290998285121
2016-10-20 00:00:00,215.23184567740537
2016-10-20 01:00:00,125.9548034054011
2016-10-20 02:00:00,70.51726315077467
2016-10-20 03:00:00,50.91770698196255
2016-10-20 04:00:00,54.64308714875369
2016-10-20 05:00:00,131.01930155206225
2016-10-20 06:00:00,715.3567572363029
2016-10-20 07:00:00,2155.0361802395646
2016-10-20 08:00:00,4677.873158279035
2016-10-20 09:00:00,2480.3171153200137
2016-10-20 10:00:00,1139.4519045067877
2016-10-20 11:00:00,1085.2500106756452
2016-10-20 12:00:00,1400.4870417234054
2016-10-20 13:00:00,1391.0692344482766
2016-10-20 14:00:00,1119.917756613007
2016-10-20 15:00:00,1415.3448005941862
2016-10-20 16:00:00,1888.4954669225692
2016-10-20 17:00:00,3390.223524037674
2016-10-20 18:00:00,3275.2536576604025
2016-10-20 19:00:00,1958.1969372143708
2016-10-20 20:00:00,1176.2085123657537
2016-10-20 21:00:00,834.6232302607343
2016-10-20 22:00:00,675.6605001726919
2016-10-20 23:00:00,433.4006775797406
2016-10-21 00:00:00,250.17924387039875
2016-10-21 01:00:00,149.81474400498678
2016-10-21 02:00:00,93.52119245691316
2016-10-21 03:00:00,59.755537514649674
2016-10-21 04:00:00,57.476366401374705
2016-10-21 05:00:00,116.26721332878265
2016-10-21 06:00:00,581.3566546464766
2016-10-21 07:00:00,2042.5951365208732
2016-10-21 08:00:00,3908.7544097362306
2016-10-21 09:00:00,1459.4530406701947
2016-10-21 10:00:00,709.8971962847677
2016-10-21 11:00:00,1091.5746028184706
2016-10-21 12:00:00,1349.7032179772314
2016-10-21 13:00:00,1419.0868301773903
2016-10-21 14:00:00,1375.4171567434978
2016-10-21 15:00:00,1494.1819678253592
2016-10-21 16:00:00,1990.5588607915952
2016-10-21 17:00:00,3233.076452863522
2016-10-21 18:00:00,2760.5190344189177
2016-10-21 19:00:00,1437.589605877969
2016-10-21 20:00:00,1026.547084996212
2016-10-21 21:00:00,756.574251155157
2016-10-21 22:00:00,620.6108837639277
2016-10-21 23:00:00,514.3872205034982
2016-10-22 00:00:00,459.56647403133564
2016-10-22 01:00:00,360.3166749112921
2016-10-22 02:00:00,275.5043086825912
2016-10-22 03:00:00,187.70921825595914
2016-10-22 04:00:00,129.66388794180065
2016-10-22 05:00:00,99.60713553092333
2016-10-22 06:00:00,135.9214718356985
2016-10-22 07:00:00,270.3883325277684
2016-10-22 08:00:00,515.9066452626815
2016-10-22 09:00:00,935.9379583628697
2016-10-22 10:00:00,1280.7510538218507
2016-10-22 11:00:00,1823.5103126656313
2016-10-22 12:00:00,2051.1522364782313
2016-10-22 13:00:00,2288.9436389409666
2016-10-22 14:00:00,2456.4131774628704
2016-10-22 15:00:00,2477.50563939907
2016-10-22 16:00:00,2326.47700968505
2016-10-22 17:00:00,1869.8333752666858
2016-10-22 18:00:00,1627.3328069912368
2016-10-22 19:00:00,1165.3479038766304
2016-10-22 20:00:00,813.5340376311619
2016-10-22 21:00:00,607.3505350032885
2016-10-22 22:00:00,561.4682560625388
2016-10-22 23:00:00,534.6235969427134
2016-10-23 00:00:00,494.5468800379987
2016-10-23 01:00:00,380.5760818691471
2016-10-23 02:00:00,294.9581786957781
2016-10-23 03:00:00,203.8750127293136
2016-10-23 04:00:00,139.19878549202852
2016-10-23 05:00:00,99.87386276500118
2016-10-23 06:00:00,122.07749577930844
2016-10-23 07:00:00,210.7009839925358
2016-10-23 08:00:00,400.80617174899197
2016-10-23 09:00:00,857.5737293592985
2016-10-23 10:00:00,1324.881987256518
2016-10-23 11:00:00,1791.1303962147401
2016-10-23 12:00:00,2033.0167168392488
2016-10-23 13:00:00,2057.2733104085473
2016-10-23 14:00:00,2104.24883304832
2016-10-23 15:00:00,2101.1208958393227
2016-10-23 16:00:00,1880.454046106028
2016-10-23 17:00:00,1588.7975932060249
2016-10-23 18:00:00,1389.330590752454
2016-10-23 19:00:00,944.3204189051673
2016-10-23 20:00:00,681.0118871460594
2016-10-23 21:00:00,535.4147592256154
2016-10-23 22:00:00,457.49981333422426
2016-10-23 23:00:00,369.62331076087565
2016-10-24 00:00:00,182.0597115760158
2016-10-24 01:00:00,102.6559877732361
2016-10-24 02:00:00,64.1526459179994
2016-10-24 03:00:00,40.35894113856227
2016-10-24 04:00:00,41.279792347846346
2016-10-24 05:00:00,112.32964961797339
2016-10-24 06:00:00,565.8928801820985
2016-10-24 07:00:00,2437.3140879932753
2016-10-24 08:00:00,4629.9325883752235
2016-10-24 09:00:00,2394.1471643064697
2016-10-24 10:00:00,1063.1561787549883
2016-10-24 11:00:00,1052.7461339352255
2016-10-24 12:00:00,1263.2864840509878
2016-10-24 13:00:00,1301.3476358526916
2016-10-24 14:00:00,1231.1953171221567
2016-10-24 15:00:00,1341.1284857062403
2016-10-24 16:00:00,1923.7562196876713
2016-10-24 17:00:00,3638.3183708728584
2016-10-24 18:00:00,3516.4011774054043
2016-10-24 19:00:00,2032.2634719452676
2016-10-24 20:00:00,1164.662494648173
2016-10-24 21:00:00,791.8996691179389
2016-10-24 22:00:00,536.6994460392513
2016-10-24 23:00:00,341.32052999389015
2016-10-25 00:00:00,183.19768091868607
2016-10-25 01:00:00,106.56715264311181
2016-10-25 02:00:00,64.68052890998976
2016-10-25 03:00:00,46.45281633252014
2016-10-25 04:00:00,50.13410380033666
2016-10-25 05:00:00,127.30935685376937
2016-10-25 06:00:00,756.6045959890607
2016-10-25 07:00:00,2559.002840199908
2016-10-25 08:00:00,4728.180722572113
2016-10-25 09:00:00,2516.8363836787485
2016-10-25 10:00:00,1098.6671390732972
2016-10-25 11:00:00,1083.3412037965093
2016-10-25 12:00:00,1312.9664560482802
2016-10-25 13:00:00,1307.9060502241691
2016-10-25 14:00:00,1296.5737451210969
2016-10-25 15:00:00,1419.578544407142
2016-10-25 16:00:00,2001.1071961986613
2016-10-25 17:00:00,3605.732001719736
2016-10-25 18:00:00,3537.211124203349
2016-10-25 19:00:00,2063.5620149637716
2016-10-25 20:00:00,1228.1275217885604
2016-10-25 21:00:00,836.2571930342523
2016-10-25 22:00:00,623.1008883782052
2016-10-25 23:00:00,387.1409933780542
2016-10-26 00:00:00,202.98666458294443
2016-10-26 01:00:00,116.60964941132447
2016-10-26 02:00:00,71.8506270103369
2016-10-26 03:00:00,49.32080476438231
2016-10-26 04:00:00,52.79472615435303
2016-10-26 05:00:00,134.19912073669516
2016-10-26 06:00:00,714.578047495879
2016-10-26 07:00:00,2334.6943322169527
2016-10-26 08:00:00,4328.509294703976
2016-10-26 09:00:00,2272.397563640313
2016-10-26 10:00:00,1127.3964099810728
2016-10-26 11:00:00,1119.3321338173296
2016-10-26 12:00:00,1456.8501391637353
2016-10-26 13:00:00,1531.7959669877744
2016-10-26 14:00:00,1471.5043840519127
2016-10-26 15:00:00,1525.322650491808
2016-10-26 16:00:00,2101.4379463221376
2016-10-26 17:00:00,3754.8646746655977
2016-10-26 18:00:00,3611.613886514352
2016-10-26 19:00:00,2136.901422842192
2016-10-26 20:00:00,1267.4866837880777
2016-10-26 21:00:00,887.5177701289468
2016-10-26 22:00:00,678.2850993614187
2016-10-26 23:00:00,456.31039034466767
2016-10-27 00:00:00,230.43993694741053
2016-10-27 01:00:00,135.71486418472628
2016-10-27 02:00:00,79.2243944099949
2016-10-27 03:00:00,50.156324154117165
2016-10-27 04:00:00,47.67447176142082
2016-10-27 05:00:00,121.85859339761998
2016-10-27 06:00:00,688.1857957321322
2016-10-27 07:00:00,2273.8258097878797
2016-10-27 08:00:00,4252.0729748892945
2016-10-27 09:00:00,2182.800095004606
2016-10-27 10:00:00,887.167836304845
2016-10-27 11:00:00,918.8393875366174
2016-10-27 12:00:00,1286.1943862140417
2016-10-27 13:00:00,1433.585751175001
2016-10-27 14:00:00,1477.0444868809673
2016-10-27 15:00:00,1526.5930034835733
2016-10-27 16:00:00,2017.3760259040123
2016-10-27 17:00:00,3598.0411606629505
2016-10-27 18:00:00,3482.181817760209
2016-10-27 19:00:00,2103.147187335787
2016-10-27 20:00:00,1275.8328904899279
2016-10-27 21:00:00,902.3463664100572
2016-10-27 22:00:00,710.284395605983
2016-10-27 23:00:00,491.25139716956505
2016-10-28 00:00:00,291.3554029682413
2016-10-28 01:00:00,167.8440263999673
2016-10-28 02:00:00,116.63336636903622
2016-10-28 03:00:00,74.39446102824445
2016-10-28 04:00:00,62.60582394138072
2016-10-28 05:00:00,122.76229465838966
2016-10-28 06:00:00,604.7960436526034
2016-10-28 07:00:00,2123.482412558724
2016-10-28 08:00:00,4222.1007825825845
2016-10-28 09:00:00,2370.1447281267765
2016-10-28 10:00:00,1246.1110062671721
2016-10-28 11:00:00,1261.653481910166
2016-10-28 12:00:00,1575.9302450060025
2016-10-28 13:00:00,1582.48770505211
2016-10-28 14:00:00,1475.9453686895788
2016-10-28 15:00:00,1588.8620033726338
2016-10-28 16:00:00,2123.3017531901514
2016-10-28 17:00:00,3373.9140655945685
2016-10-28 18:00:00,2996.0016333719414
2016-10-28 19:00:00,1785.5359608977585
2016-10-28 20:00:00,1130.3329763029085
2016-10-28 21:00:00,791.748963131504
2016-10-28 22:00:00,700.7516354886023
2016-10-28 23:00:00,614.570486247352
2016-10-29 00:00:00,568.3836879981862
2016-10-29 01:00:00,424.6829221170269
2016-10-29 02:00:00,326.04251636042494
2016-10-29 03:00:00,230.48763225269454
2016-10-29 04:00:00,164.41132177971258
2016-10-29 05:00:00,125.50539647282531
2016-10-29 06:00:00,154.65938536745054
2016-10-29 07:00:00,299.45004255497713
2016-10-29 08:00:00,567.7163622379319
2016-10-29 09:00:00,997.7031021107783
2016-10-29 10:00:00,1394.3088504234017
2016-10-29 11:00:00,1911.504396926124
2016-10-29 12:00:00,2234.594549461295
2016-10-29 13:00:00,2345.0725595337044
2016-10-29 14:00:00,2381.6867271225356
2016-10-29 15:00:00,2358.3059374029035
2016-10-29 16:00:00,2259.1024844855037
2016-10-29 17:00:00,1945.178140837697
2016-10-29 18:00:00,1575.9740986612774
2016-10-29 19:00:00,1075.6263155396837
2016-10-29 20:00:00,817.6470240227192
2016-10-29 21:00:00,662.0272766883776
2016-10-29 22:00:00,634.077984478425
2016-10-29 23:00:00,605.1686042149986
2016-10-30 00:00:00,589.3366846575383
2016-10-30 01:00:00,472.3378532316254
2016-10-30 02:00:00,352.5873733712588
2016-10-30 03:00:00,252.93381421440017
2016-10-30 04:00:00,173.97711553697323
2016-10-30 05:00:00,131.15165409600434
2016-10-30 06:00:00,149.83629502524812
2016-10-30 07:00:00,234.0579855606875
2016-10-30 08:00:00,412.6315900509775
2016-10-30 09:00:00,813.3260516988155
2016-10-30 10:00:00,1220.2295832009681
2016-10-30 11:00:00,1554.6476448298426
2016-10-30 12:00:00,1746.0479384470066
2016-10-30 13:00:00,1795.767618294922
2016-10-30 14:00:00,1834.844849080672
2016-10-30 15:00:00,1784.4056926182113
2016-10-30 16:00:00,1690.0630585684567
2016-10-30 17:00:00,1464.3538039560042
2016-10-30 18:00:00,1304.437201688665
2016-10-30 19:00:00,994.6913216021117
2016-10-30 20:00:00,732.671987467589
2016-10-30 21:00:00,599.8243459984068
2016-10-30 22:00:00,513.7140950969196
2016-10-31 00:00:00,243.24120099730598
2016-10-31 01:00:00,130.77269317972522
2016-10-31 02:00:00,84.03243450545739
2016-10-31 03:00:00,55.66155623686302
2016-10-31 04:00:00,57.56101382344552
2016-10-31 05:00:00,129.54592265749145
2016-10-31 06:00:00,664.1991439879423
2016-10-31 07:00:00,2094.282636449576
2016-10-31 08:00:00,3777.499464679264
2016-10-31 09:00:00,1987.2255553570803
2016-10-31 10:00:00,900.98262064022
2016-10-31 11:00:00,968.2555738417291
2016-10-31 12:00:00,1428.2559123591182
2016-10-31 13:00:00,1575.0600986720601
2016-10-31 14:00:00,1494.1854337233494
2016-10-31 15:00:00,1556.7267340891444
2016-10-31 16:00:00,2102.721261334126
2016-10-31 17:00:00,3738.1547349511866
2016-10-31 18:00:00,3414.3067582715457
2016-10-31 19:00:00,1997.7443115970257
2016-10-31 20:00:00,1140.9659786609689
2016-10-31 21:00:00,811.1660652089818
2016-10-31 22:00:00,551.8083621600498
2016-10-31 23:00:00,344.40045550250085
2016-11-01 00:00:00,170.22673464872787
2016-11-01 01:00:00,99.60169695433562
2016-11-01 02:00:00,60.601730983766046
2016-11-01 03:00:00,39.50235761527188
2016-11-01 04:00:00,43.00867327269553
2016-11-01 05:00:00,122.46812820536587
2016-11-01 06:00:00,719.4383429797643
2016-11-01 07:00:00,2425.2194909019636
2016-11-01 08:00:00,4567.963132035271
2016-11-01 09:00:00,2346.203539338944
2016-11-01 10:00:00,970.3951907402044
2016-11-01 11:00:00,896.4655224059611
2016-11-01 12:00:00,1186.0561883570222
2016-11-01 13:00:00,893.6894991562908
2016-11-01 14:00:00,1100.4828610540008
2016-11-01 15:00:00,1052.3087531367373
2016-11-01 16:00:00,1674.923681976128
2016-11-01 17:00:00,3268.4797868060095
2016-11-01 18:00:00,3188.580685736316
2016-11-01 19:00:00,1838.7073819974214
2016-11-01 20:00:00,1036.6953048702715
2016-11-01 21:00:00,726.0370921687021
2016-11-01 22:00:00,522.3450248949159
2016-11-01 23:00:00,308.0984953400177
2016-11-02 00:00:00,151.2232110587615
2016-11-02 01:00:00,81.28629641277003
2016-11-02 02:00:00,47.35189851492288
2016-11-02 03:00:00,30.481493172289888
2016-11-02 04:00:00,31.895253333067075
2016-11-02 05:00:00,97.830084000956
2016-11-02 06:00:00,628.4839133440036
2016-11-02 07:00:00,2330.4522058294824
2016-11-02 08:00:00,4545.4772260916925
2016-11-02 09:00:00,2315.1456610883433
2016-11-02 10:00:00,1011.0265522241467
2016-11-02 11:00:00,973.5997220183019
2016-11-02 12:00:00,1224.4055988744387
2016-11-02 13:00:00,1280.3337002343767
2016-11-02 14:00:00,1223.1707188306361
2016-11-02 15:00:00,1293.2517280942247
2016-11-02 16:00:00,1769.2498077299267
2016-11-02 17:00:00,3190.771264098047
2016-11-02 18:00:00,2986.912283760118
2016-11-02 19:00:00,1717.0201340817252
2016-11-02 20:00:00,997.0272783128875
2016-11-02 21:00:00,706.418088242908
2016-11-02 22:00:00,531.9060446939247
2016-11-02 23:00:00,328.3443348697586
2016-11-03 00:00:00,159.14147885168654
2016-11-03 01:00:00,91.57148645917917
2016-11-03 02:00:00,53.40939106325869
2016-11-03 03:00:00,33.56390081928664
2016-11-03 04:00:00,36.8077535920303
2016-11-03 05:00:00,102.29379674068043
2016-11-03 06:00:00,625.2778922641684
2016-11-03 07:00:00,2250.7304500024657
2016-11-03 08:00:00,4366.396226008898
2016-11-03 09:00:00,2293.0700140677263
2016-11-03 10:00:00,1018.4613059864812
2016-11-03 11:00:00,985.6429048986649
2016-11-03 12:00:00,1301.5223865210726
2016-11-03 13:00:00,1335.165217111819
2016-11-03 14:00:00,1237.58667748283
2016-11-03 15:00:00,1292.224815603065
2016-11-03 16:00:00,1750.3339202788004
2016-11-03 17:00:00,3108.140995301981
2016-11-03 18:00:00,2922.3771581139035
2016-11-03 19:00:00,1685.2684670912872
2016-11-03 20:00:00,996.3723201131207
2016-11-03 21:00:00,611.427459333959
2016-11-03 22:00:00,581.7131651960004
2016-11-03 23:00:00,392.7789247794218
2016-11-04 00:00:00,218.31971226299243
2016-11-04 01:00:00,127.28397694608438
2016-11-04 02:00:00,84.77305286760762
2016-11-04 03:00:00,57.31435242294852
2016-11-04 04:00:00,52.0360974108415
2016-11-04 05:00:00,102.03988709562618
2016-11-04 06:00:00,543.4423457759023
2016-11-04 07:00:00,2082.0920360148575
2016-11-04 08:00:00,4095.938855149964
2016-11-04 09:00:00,2303.696382365012
2016-11-04 10:00:00,1113.21755211716
2016-11-04 11:00:00,1073.5169587106282
2016-11-04 12:00:00,1011.5910231511581
2016-11-04 13:00:00,918.3967374805612
2016-11-04 14:00:00,678.7257430225667
2016-11-04 15:00:00,798.7095965382684
2016-11-04 16:00:00,1177.262301855242
2016-11-04 17:00:00,1945.855090316499
2016-11-04 18:00:00,1764.8198492823265
2016-11-04 19:00:00,1385.338018720701
2016-11-04 20:00:00,823.1894668003685
2016-11-04 21:00:00,611.6192535035963
2016-11-04 22:00:00,532.2518944818206
2016-11-04 23:00:00,431.98943125658644
2016-11-05 00:00:00,363.1745755993204
2016-11-05 01:00:00,276.98307924273774
2016-11-05 02:00:00,205.0884865687514
2016-11-05 03:00:00,137.66340788280155
2016-11-05 04:00:00,94.72320870777754
2016-11-05 05:00:00,60.36327946030599
2016-11-05 06:00:00,101.03047819591913
2016-11-05 07:00:00,203.83223623539465
2016-11-05 08:00:00,399.8215657474345
2016-11-05 09:00:00,750.9549831185144
2016-11-05 10:00:00,1034.6539223483792
2016-11-05 11:00:00,1314.9852571214303
2016-11-05 12:00:00,1609.8877884173555
2016-11-05 13:00:00,1773.229159473106
2016-11-05 14:00:00,1850.3851650707118
2016-11-05 15:00:00,1778.2736066215652
2016-11-05 16:00:00,1610.7275617587004
2016-11-05 17:00:00,1256.984629474373
2016-11-05 18:00:00,1083.649962486189
2016-11-05 19:00:00,747.6878577832468
2016-11-05 20:00:00,536.6841148351151
2016-11-05 21:00:00,410.00035932252274
2016-11-05 22:00:00,383.5368490864784
2016-11-05 23:00:00,353.28602210169964
2016-11-06 00:00:00,342.22522401925363
2016-11-06 01:00:00,257.4745987586904
2016-11-06 02:00:00,192.40219798223194
2016-11-06 03:00:00,130.26298029548394
2016-11-06 04:00:00,85.9019963333453
2016-11-06 05:00:00,62.62380741990711
2016-11-06 06:00:00,84.40770058096297
2016-11-06 07:00:00,149.00213677886495
2016-11-06 08:00:00,303.75282405194974
2016-11-06 09:00:00,659.6009815069299
2016-11-06 10:00:00,1108.8762931659803
2016-11-06 11:00:00,1395.451553771102
2016-11-06 12:00:00,1633.8991847256161
2016-11-06 13:00:00,1598.8564579618896
2016-11-06 14:00:00,1667.6448821310223
2016-11-06 15:00:00,1033.0362687397485
2016-11-06 16:00:00,715.9976077762939
2016-11-06 17:00:00,838.6175782802704
2016-11-06 18:00:00,744.4142327963291
2016-11-06 19:00:00,573.9440420869827
2016-11-06 20:00:00,412.9022887748704
2016-11-06 21:00:00,260.9321957338388
2016-11-06 22:00:00,224.30746606359
2016-11-06 23:00:00,215.052164219295
2016-11-07 00:00:00,123.3485847916914
2016-11-07 01:00:00,63.92704007881515
2016-11-07 02:00:00,37.72142666564279
2016-11-07 03:00:00,24.050237104956892
2016-11-07 04:00:00,28.517296059731997
2016-11-07 05:00:00,86.73013232202247
2016-11-07 06:00:00,562.3875047187352
2016-11-07 07:00:00,2090.240496229135
2016-11-07 08:00:00,4089.0931257504144
2016-11-07 09:00:00,2094.086910938713
2016-11-07 10:00:00,892.3531316687918
2016-11-07 11:00:00,837.1612713513954
2016-11-07 12:00:00,1031.5658224395852
2016-11-07 13:00:00,1026.711269433399
2016-11-07 14:00:00,986.8521946408484
2016-11-07 15:00:00,1035.9764323186769
2016-11-07 16:00:00,1535.8655689049951
2016-11-07 17:00:00,2995.978619132684
2016-11-07 18:00:00,2841.9875901769337
2016-11-07 19:00:00,1621.5527605066427
2016-11-07 20:00:00,873.5503203312693
2016-11-07 21:00:00,581.341196202383
2016-11-07 22:00:00,371.80995578557963
2016-11-07 23:00:00,228.50937969349897
2016-11-08 00:00:00,117.50987868202968
2016-11-08 01:00:00,61.62550058188867
2016-11-08 02:00:00,40.05062750183164
2016-11-08 03:00:00,26.44643222478632
2016-11-08 04:00:00,30.78510412158289
2016-11-08 05:00:00,94.15115951917257
2016-11-08 06:00:00,614.4519202847298
2016-11-08 07:00:00,2225.2881814006823
2016-11-08 08:00:00,4328.362874629471
2016-11-08 09:00:00,2214.067039140683
2016-11-08 10:00:00,942.5572681171096
2016-11-08 11:00:00,885.2401786973168
2016-11-08 12:00:00,1096.054381859196
2016-11-08 13:00:00,1106.0448587859833
2016-11-08 14:00:00,1044.1871615594373
2016-11-08 15:00:00,1089.5026636598423
2016-11-08 16:00:00,1578.434253618215
2016-11-08 17:00:00,3043.000081557918
2016-11-08 18:00:00,2947.3545071556273
2016-11-08 19:00:00,1654.1839037580373
2016-11-08 20:00:00,938.3859562469805
2016-11-08 21:00:00,593.2321936504779
2016-11-08 22:00:00,413.924266472074
2016-11-08 23:00:00,223.59610502732795
2016-11-09 00:00:00,104.42705486205209
2016-11-09 01:00:00,54.09884488868706
2016-11-09 02:00:00,30.14027665510001
2016-11-09 03:00:00,18.62995776287333
2016-11-09 04:00:00,25.311301800392684
2016-11-09 05:00:00,79.44016936606972
2016-11-09 06:00:00,495.6251112451689
2016-11-09 07:00:00,1692.7323829521015
2016-11-09 08:00:00,3226.7133264308222
2016-11-09 09:00:00,1699.2522408782074
2016-11-09 10:00:00,638.0377547276024
2016-11-09 11:00:00,531.3984448720103
2016-11-09 12:00:00,794.2281919842784
2016-11-09 13:00:00,1000.2705640939081
2016-11-09 14:00:00,983.5686925110424
2016-11-09 15:00:00,1030.8687671190035
2016-11-09 16:00:00,1527.750525126093
2016-11-09 17:00:00,2959.705340768296
2016-11-09 18:00:00,2839.914072743306
2016-11-09 19:00:00,1610.1490319680547
2016-11-09 20:00:00,934.7402079823702
2016-11-09 21:00:00,667.3538004355705
2016-11-09 22:00:00,483.4221123414593
2016-11-09 23:00:00,313.53199593255135
2016-11-10 00:00:00,148.18452773116383
2016-11-10 01:00:00,80.90917365364945
2016-11-10 02:00:00,47.928764054282595
2016-11-10 03:00:00,31.70629144917261
2016-11-10 04:00:00,36.134578999263354
2016-11-10 05:00:00,101.79122210884341
2016-11-10 06:00:00,614.0995868903791
2016-11-10 07:00:00,2199.8412362045965
2016-11-10 08:00:00,4285.188294080274
2016-11-10 09:00:00,2205.285265542935
2016-11-10 10:00:00,723.1955768845494
2016-11-10 11:00:00,935.8082851193615
2016-11-10 12:00:00,1149.632995295366
2016-11-10 13:00:00,1053.7585085441922
2016-11-10 14:00:00,1116.0099569947554
2016-11-10 15:00:00,1150.392819381424
2016-11-10 16:00:00,1636.7249435008382
2016-11-10 17:00:00,2924.0771521610905
2016-11-10 18:00:00,2479.438477831007
2016-11-10 19:00:00,1589.4119105384475
2016-11-10 20:00:00,935.5484414699914
2016-11-10 21:00:00,666.4713682565109
2016-11-10 22:00:00,532.40135988366
2016-11-10 23:00:00,353.7615387016604
2016-11-11 00:00:00,187.9635645322951
2016-11-11 01:00:00,113.36526767602356
2016-11-11 02:00:00,68.37059817353727
2016-11-11 03:00:00,41.75240038224348
2016-11-11 04:00:00,44.722409051865164
2016-11-11 05:00:00,95.70607660673342
2016-11-11 06:00:00,520.2929131590045
2016-11-11 07:00:00,1949.1632294924636
2016-11-11 08:00:00,3952.948313590983
2016-11-11 09:00:00,2206.2227524094633
2016-11-11 10:00:00,1045.5090510793405
2016-11-11 11:00:00,1036.09576553937
2016-11-11 12:00:00,1352.8304469182992
2016-11-11 13:00:00,1370.659026448856
2016-11-11 14:00:00,1259.003511564494
2016-11-11 15:00:00,1294.4990578479922
2016-11-11 16:00:00,1685.0684184805507
2016-11-11 17:00:00,2673.528473692668
2016-11-11 18:00:00,2318.416800217179
2016-11-11 19:00:00,1353.2805317604987
2016-11-11 20:00:00,803.529504020321
2016-11-11 21:00:00,584.206464893625
2016-11-11 22:00:00,506.4263204222607
2016-11-11 23:00:00,429.63399055626485
2016-11-12 00:00:00,352.4776240550558
2016-11-12 01:00:00,278.27596140406894
2016-11-12 02:00:00,207.6397154466237
2016-11-12 03:00:00,141.90119291635511
2016-11-12 04:00:00,98.87645886034814
2016-11-12 05:00:00,72.17649182743223
2016-11-12 06:00:00,102.75645970344823
2016-11-12 07:00:00,184.07390950747268
2016-11-12 08:00:00,357.8927898977943
2016-11-12 09:00:00,564.3630226283407
2016-11-12 10:00:00,693.1206082878894
2016-11-12 12:00:00,977.0504260121661
2016-11-12 13:00:00,788.6519484523809
2016-11-12 14:00:00,802.2780960592412
2016-11-12 15:00:00,822.2859270568924
2016-11-12 16:00:00,831.5766658357188
2016-11-12 17:00:00,745.4966066748129
2016-11-12 18:00:00,1036.5721918021748
2016-11-12 19:00:00,557.1731490124935
2016-11-12 20:00:00,626.4761550670767
2016-11-12 21:00:00,474.0066488250107
2016-11-12 22:00:00,448.2285352080254
2016-11-12 23:00:00,426.2199218524307
2016-11-13 00:00:00,435.3592602254192
2016-11-13 01:00:00,316.3276375725254
2016-11-13 02:00:00,252.12631192405217
2016-11-13 03:00:00,172.93361922628216
2016-11-13 04:00:00,113.87586705530708
2016-11-13 05:00:00,85.1617983509878
2016-11-13 06:00:00,100.99783968723936
2016-11-13 07:00:00,166.7705617437922
2016-11-13 08:00:00,322.3715040617875
2016-11-13 09:00:00,687.0750774517863
2016-11-13 10:00:00,1101.715634493741
2016-11-13 11:00:00,1328.6116772591656
2016-11-13 12:00:00,1625.1087711299112
2016-11-13 13:00:00,1639.3268331103889
2016-11-13 14:00:00,1763.7074412607521
2016-11-13 15:00:00,1647.5677942358186
2016-11-13 16:00:00,1496.219859066
2016-11-13 17:00:00,1113.1939623053654
2016-11-13 18:00:00,897.212196481719
2016-11-13 19:00:00,668.3478143970004
2016-11-13 20:00:00,502.2034948621714
2016-11-13 21:00:00,402.2513125203177
2016-11-13 22:00:00,343.75292287100655
2016-11-13 23:00:00,260.71813639379286
2016-11-14 00:00:00,142.987385217461
2016-11-14 01:00:00,55.27556116849753
2016-11-14 02:00:00,34.23669554269011
2016-11-14 03:00:00,28.51191218512497
2016-11-14 04:00:00,33.909199217629
2016-11-14 05:00:00,103.1748917914035
2016-11-14 06:00:00,528.7821651426324
2016-11-14 07:00:00,1878.0519860268414
2016-11-14 08:00:00,3546.910780774633
2016-11-14 09:00:00,2200.540829052634
2016-11-14 10:00:00,933.0969098078963
2016-11-14 11:00:00,871.7727952640937
2016-11-14 12:00:00,980.5162794973278
2016-11-14 13:00:00,983.8046964045067
2016-11-14 14:00:00,978.320153907348
2016-11-14 15:00:00,818.2100435279273
2016-11-14 16:00:00,1596.8868791639081
2016-11-14 17:00:00,3062.124968211301
2016-11-14 18:00:00,2980.6180107047194
2016-11-14 19:00:00,1748.8730259707575
2016-11-14 20:00:00,964.1979496022498
2016-11-14 21:00:00,687.7759976202627
2016-11-14 22:00:00,480.73608789682424
2016-11-14 23:00:00,312.4866941694477
2016-11-15 00:00:00,167.283112663797
2016-11-15 01:00:00,93.00169001984263
2016-11-15 02:00:00,57.96588710226807
2016-11-15 03:00:00,37.04965134160024
2016-11-15 04:00:00,41.72405650127262
2016-11-15 05:00:00,108.46792813148487
2016-11-15 06:00:00,639.8739157607484
2016-11-15 07:00:00,2075.2003058402515
2016-11-15 08:00:00,3875.4906037153787
2016-11-15 09:00:00,2274.8274899576845
2016-11-15 10:00:00,956.2925884594989
2016-11-15 11:00:00,900.0807139741363
2016-11-15 12:00:00,1179.1826275459914
2016-11-15 13:00:00,1206.7403373856714
2016-11-15 14:00:00,1115.461774969334
2016-11-15 15:00:00,1179.7095750475655
2016-11-15 16:00:00,1682.195117837115
2016-11-15 17:00:00,3263.0697524933794
2016-11-15 18:00:00,2445.065945767048
2016-11-15 19:00:00,1444.1342017231061
2016-11-15 20:00:00,1045.5846945023247
2016-11-15 21:00:00,759.5648169292865
2016-11-15 22:00:00,563.20860819978
2016-11-15 23:00:00,352.75105180992813
2016-11-16 00:00:00,193.72249378219576
2016-11-16 01:00:00,109.82204237758714
2016-11-16 02:00:00,68.67289907686947
2016-11-16 03:00:00,35.62802082201016
2016-11-16 04:00:00,45.2263389027482
2016-11-16 05:00:00,102.60996280441437
2016-11-16 06:00:00,656.176763102997
2016-11-16 07:00:00,2230.213504728684
2016-11-16 08:00:00,4421.517362926682
2016-11-16 09:00:00,2225.550150136686
2016-11-16 10:00:00,1025.3219283793758
2016-11-16 11:00:00,980.7937847682625
2016-11-16 12:00:00,1223.4359716913302
2016-11-16 13:00:00,1215.4902118787143
2016-11-16 14:00:00,1117.2733964715806
2016-11-16 15:00:00,1191.3335700213634
2016-11-16 16:00:00,1445.7899025773384
2016-11-16 17:00:00,3195.3511433392687
2016-11-16 18:00:00,2154.018708314017
2016-11-16 19:00:00,1211.0807026045006
2016-11-16 20:00:00,940.8518829659013
2016-11-16 21:00:00,732.3672816207995
2016-11-16 22:00:00,584.8501148376087
2016-11-16 23:00:00,371.59411033948794
2016-11-17 00:00:00,160.24729253184378
2016-11-17 01:00:00,100.1738676642731
2016-11-17 02:00:00,57.667252512392665
2016-11-17 03:00:00,34.24315032926965
2016-11-17 04:00:00,35.90464664327574
2016-11-17 05:00:00,103.48597842746172
2016-11-17 06:00:00,623.7890934028261
2016-11-17 07:00:00,2238.5820049676913
2016-11-17 08:00:00,4336.195090071617
2016-11-17 09:00:00,2278.662900580026
2016-11-17 10:00:00,1000.2636101629004
2016-11-17 11:00:00,898.1758573278962
2016-11-17 12:00:00,1164.718652384088
2016-11-17 13:00:00,1193.1736904996899
2016-11-17 14:00:00,992.926697839773
2016-11-17 15:00:00,1095.8853604305739
2016-11-17 16:00:00,1293.9986746428758
2016-11-17 17:00:00,2478.9665685805867
2016-11-17 18:00:00,2712.950332972724
2016-11-17 19:00:00,1596.733883907476
2016-11-17 20:00:00,939.2304920178606
2016-11-17 21:00:00,675.7953555989209
2016-11-17 22:00:00,530.0381724064488
2016-11-17 23:00:00,367.021667548742
2016-11-18 00:00:00,205.552815835912
2016-11-18 01:00:00,98.16627518355273
2016-11-18 02:00:00,67.36533417228725
2016-11-18 03:00:00,46.38305565565147
2016-11-18 04:00:00,43.653873647760435
2016-11-18 05:00:00,90.20235343149447
2016-11-18 06:00:00,499.02274289169196
2016-11-18 07:00:00,1914.8844411764455
2016-11-18 08:00:00,3783.4960617408633
2016-11-18 09:00:00,2102.998866052254
2016-11-18 10:00:00,1005.1517869724645
2016-11-18 11:00:00,954.8553488254109
2016-11-18 12:00:00,1204.6791342823944
2016-11-18 13:00:00,1216.396068114795
2016-11-18 14:00:00,1129.5077716860071
2016-11-18 15:00:00,1151.2576883931763
2016-11-18 16:00:00,1528.3341033308245
2016-11-18 17:00:00,2549.163981014236
2016-11-18 18:00:00,2216.9582137112675
2016-11-18 19:00:00,1305.36779029513
2016-11-18 20:00:00,783.203875163721
2016-11-18 21:00:00,572.2452213783776
2016-11-18 22:00:00,478.94625414924775
2016-11-18 23:00:00,406.646751261493
2016-11-19 00:00:00,327.60037882085226
2016-11-19 01:00:00,244.28124885282216
2016-11-19 02:00:00,183.96670287031577
2016-11-19 03:00:00,124.60641733512108
2016-11-19 04:00:00,84.84481444526138
2016-11-19 05:00:00,64.84371165649702
2016-11-19 06:00:00,89.17285690768071
2016-11-19 07:00:00,177.99384674045743
2016-11-19 08:00:00,358.0689645853149
2016-11-19 09:00:00,673.598501680936
2016-11-19 10:00:00,1018.728611475254
2016-11-19 11:00:00,1306.4019016383525
2016-11-19 12:00:00,1504.8522936406498
2016-11-19 13:00:00,1557.5785289831172
2016-11-19 14:00:00,1619.8936837054232
2016-11-19 15:00:00,1533.4255998971416
2016-11-19 16:00:00,1019.2101770013319
2016-11-19 17:00:00,987.6355636018106
2016-11-19 18:00:00,594.5093627971231
2016-11-19 19:00:00,444.1271610792472
2016-11-19 20:00:00,319.4159762664892
2016-11-19 21:00:00,238.03564775665708
2016-11-19 22:00:00,240.3378720287118
2016-11-19 23:00:00,248.1207614938881
2016-11-20 00:00:00,261.885743885203
2016-11-20 01:00:00,177.96045297527797
2016-11-20 02:00:00,134.78427756059645
2016-11-20 03:00:00,105.99084568669207
2016-11-20 04:00:00,75.43493415482622
2016-11-20 05:00:00,57.003478957538306
2016-11-20 06:00:00,65.02342203444101
2016-11-20 07:00:00,116.38314802664819
2016-11-20 08:00:00,259.4342694964712
2016-11-20 09:00:00,479.1142592599062
2016-11-20 10:00:00,480.0363606599508
2016-11-20 11:00:00,629.6178916039406
2016-11-20 12:00:00,1118.347919950738
2016-11-20 13:00:00,1131.212399498833
2016-11-20 14:00:00,1199.2546981114126
2016-11-20 15:00:00,1255.373423420352
2016-11-20 16:00:00,1266.3281954421132
2016-11-20 17:00:00,1028.5793198788506
2016-11-20 18:00:00,907.5557659962573
2016-11-20 19:00:00,608.3154477375604
2016-11-20 20:00:00,453.95233373697573
2016-11-20 21:00:00,240.89467823120165
2016-11-20 22:00:00,210.6300864729007
2016-11-20 23:00:00,184.52074777262385
2016-11-21 00:00:00,90.29652399829693
2016-11-21 01:00:00,43.33812765797753
2016-11-21 02:00:00,27.29534636675868
2016-11-21 03:00:00,16.8224899176977
2016-11-21 04:00:00,22.31452571926178
2016-11-21 05:00:00,72.89864881411725
2016-11-21 06:00:00,572.079728411195
2016-11-21 07:00:00,2012.9911750244587
2016-11-21 08:00:00,2841.669051649752
2016-11-21 09:00:00,1902.550292067054
2016-11-21 10:00:00,751.3639217602205
2016-11-21 11:00:00,651.3491218003077
2016-11-21 12:00:00,556.0636955088058
2016-11-21 13:00:00,559.380931621717
2016-11-21 14:00:00,965.1540105829656
2016-11-21 15:00:00,1045.4958124992004
2016-11-21 16:00:00,1597.255533825218
2016-11-21 17:00:00,2642.5438213926445
2016-11-21 18:00:00,2564.193575433147
2016-11-21 19:00:00,1491.2384986459267
2016-11-21 20:00:00,992.436757332229
2016-11-21 21:00:00,651.4166056246696
2016-11-21 22:00:00,353.56659541512334
2016-11-21 23:00:00,255.51097757878148
2016-11-22 00:00:00,153.29411822560473
2016-11-22 01:00:00,74.48442651992588
2016-11-22 02:00:00,35.92954641917449
2016-11-22 03:00:00,24.165355660296505
2016-11-22 04:00:00,27.177013325159187
2016-11-22 05:00:00,88.53360268382231
2016-11-22 06:00:00,607.5443275551336
2016-11-22 07:00:00,2045.1965626403223
2016-11-22 08:00:00,3812.746250158728
2016-11-22 09:00:00,2157.943693882791
2016-11-22 10:00:00,981.728463849497
2016-11-22 11:00:00,878.0719186339118
2016-11-22 12:00:00,1119.9744757876704
2016-11-22 13:00:00,897.1129707131606
2016-11-22 14:00:00,994.2529166039736
2016-11-22 15:00:00,1060.5293535106184
2016-11-22 16:00:00,1515.4235735219188
2016-11-22 17:00:00,2986.7541924905036
2016-11-22 18:00:00,2904.9977173892585
2016-11-22 19:00:00,1658.3609349552844
2016-11-22 20:00:00,979.6624264958983
2016-11-22 21:00:00,689.387965189283
2016-11-22 22:00:00,386.8082567000549
2016-11-22 23:00:00,296.3275369445873
2016-11-23 00:00:00,167.8922973793337
2016-11-23 01:00:00,98.0598065071862
2016-11-23 02:00:00,56.00742907315468
2016-11-23 03:00:00,34.66814132841201
2016-11-23 04:00:00,38.67155818636068
2016-11-23 05:00:00,107.63774684490711
2016-11-23 06:00:00,628.3624155804764
2016-11-23 07:00:00,2251.602861616331
2016-11-23 08:00:00,4255.161891575524
2016-11-23 09:00:00,2209.1944106720284
2016-11-23 10:00:00,916.2053901707172
2016-11-23 11:00:00,902.3200111901292
2016-11-23 12:00:00,1143.0458762855221
2016-11-23 13:00:00,1147.3729561915
2016-11-23 14:00:00,1062.8733406199544
2016-11-23 15:00:00,1094.6834699703356
2016-11-23 16:00:00,1514.610080984862
2016-11-23 17:00:00,2874.8839099646157
2016-11-23 18:00:00,2717.966224950461
2016-11-23 19:00:00,1558.546400480981
2016-11-23 20:00:00,897.2119857237132
2016-11-23 21:00:00,655.8679962747461
2016-11-23 22:00:00,487.79383977897294
2016-11-23 23:00:00,328.3895563850252
2016-11-24 00:00:00,187.65763438273686
2016-11-24 01:00:00,111.16679872478106
2016-11-24 02:00:00,69.51295623653868
2016-11-24 03:00:00,43.339197906841704
2016-11-24 04:00:00,45.2366627480004
2016-11-24 05:00:00,103.89832535693492
2016-11-24 06:00:00,586.2193558198367
2016-11-24 07:00:00,2082.5770086801576
2016-11-24 08:00:00,4080.8465906962238
2016-11-24 09:00:00,2158.2437642494597
2016-11-24 10:00:00,948.2334129963535
2016-11-24 11:00:00,881.9180865969468
2016-11-24 12:00:00,1085.8580414069252
2016-11-24 13:00:00,1025.4250359617222
2016-11-24 14:00:00,965.2458572770909
2016-11-24 15:00:00,1014.1588974612158
2016-11-24 16:00:00,1508.828835040789
2016-11-24 17:00:00,2728.2146385227607
2016-11-24 18:00:00,2556.465766772578
2016-11-24 19:00:00,1496.9604407766517
2016-11-24 20:00:00,902.8137391180342
2016-11-24 21:00:00,640.5386857991683
2016-11-24 22:00:00,521.3184489426791
2016-11-24 23:00:00,363.77442111491825
2016-11-25 00:00:00,210.7550211318345
2016-11-25 01:00:00,120.1925042086327
2016-11-25 02:00:00,75.72925361222644
2016-11-25 03:00:00,47.980801907274056
2016-11-25 04:00:00,44.5455434727956
2016-11-25 05:00:00,94.78056031158245
2016-11-25 06:00:00,507.08652654396633
2016-11-25 07:00:00,1883.3922857718576
2016-11-25 08:00:00,3749.715533025703
2016-11-25 09:00:00,2075.9196748285895
2016-11-25 10:00:00,1030.4134850088794
2016-11-25 11:00:00,1045.3094932859549
2016-11-25 12:00:00,1377.0214742952855
2016-11-25 13:00:00,1437.2874918375767
2016-11-25 14:00:00,1328.4460394386156
2016-11-25 15:00:00,1290.8075674136098
2016-11-25 16:00:00,1597.8856599600647
2016-11-25 17:00:00,2569.416928457321
2016-11-25 18:00:00,2191.3563262138614
2016-11-25 19:00:00,1282.836626610759
2016-11-25 20:00:00,755.9013436513297
2016-11-25 21:00:00,552.8845554050599
2016-11-25 22:00:00,488.7800339417593
2016-11-25 23:00:00,409.43546922462576
2016-11-26 00:00:00,347.7686860354551
2016-11-26 01:00:00,271.1035670606298
2016-11-26 02:00:00,199.25509828273616
2016-11-26 03:00:00,139.0764234741916
2016-11-26 04:00:00,98.95692342746183
2016-11-26 05:00:00,76.28225946395605
2016-11-26 06:00:00,101.46675420890351
2016-11-26 07:00:00,202.98960296456593
2016-11-26 08:00:00,395.86479687431586
2016-11-26 09:00:00,725.259032384283
2016-11-26 10:00:00,969.528978106835
2016-11-26 11:00:00,1241.0722107705346
2016-11-26 12:00:00,1339.4570661797516
2016-11-26 13:00:00,1357.3857149408686
2016-11-26 14:00:00,1477.3383034521396
2016-11-26 15:00:00,1435.5897119619797
2016-11-26 16:00:00,1407.8917796215226
2016-11-26 17:00:00,1152.1027835394675
2016-11-26 18:00:00,965.0855074271719
2016-11-26 19:00:00,662.6637331492497
2016-11-26 20:00:00,489.92515064613644
2016-11-26 21:00:00,380.5532407154412
2016-11-26 22:00:00,387.0833599311249
2016-11-26 23:00:00,372.86904748779256
2016-11-27 00:00:00,385.9294400225733
2016-11-27 01:00:00,288.7588715106411
2016-11-27 02:00:00,185.57356619908336
2016-11-27 03:00:00,129.43869735211115
2016-11-27 04:00:00,87.08276521654739
2016-11-27 05:00:00,61.480133825597704
2016-11-27 06:00:00,95.49758918276426
2016-11-27 07:00:00,150.4288426006682
2016-11-27 08:00:00,296.3571414651333
2016-11-27 09:00:00,632.2097552024608
2016-11-27 10:00:00,1030.371085700363
2016-11-27 11:00:00,1299.3531929052576
2016-11-27 12:00:00,1526.7980885130378
2016-11-27 13:00:00,1553.028798369153
2016-11-27 14:00:00,1620.7546573610914
2016-11-27 15:00:00,1574.8519078453553
2016-11-27 16:00:00,1405.7031634794846
2016-11-27 17:00:00,1098.9256033940073
2016-11-27 18:00:00,952.7755949679214
2016-11-27 19:00:00,601.5890270924994
2016-11-27 20:00:00,448.06151908976153
2016-11-27 21:00:00,349.21673645640163
2016-11-27 22:00:00,304.62228986654844
2016-11-27 23:00:00,242.08144424585154
2016-11-28 00:00:00,143.78636577711728
2016-11-28 01:00:00,78.09132778637729
2016-11-28 02:00:00,49.55157811084612
2016-11-28 03:00:00,31.35900340407173
2016-11-28 04:00:00,36.134716841878344
2016-11-28 05:00:00,89.85850646940874
2016-11-28 06:00:00,555.4109186484294
2016-11-28 07:00:00,2055.918275313117
2016-11-28 08:00:00,3955.752109193314
2016-11-28 09:00:00,1953.5848499212266
2016-11-28 10:00:00,887.7278136583509
2016-11-28 11:00:00,847.2992223304321
2016-11-28 12:00:00,1039.4063089372428
2016-11-28 13:00:00,1015.8686012328285
2016-11-28 14:00:00,936.9631161836807
2016-11-28 15:00:00,988.8170546301609
2016-11-28 16:00:00,1443.0608052070083
2016-11-28 17:00:00,2815.1555413386686
2016-11-28 18:00:00,2687.0664640490468
2016-11-28 19:00:00,1528.9503858771573
2016-11-28 20:00:00,821.7166918801714
2016-11-28 21:00:00,558.4807201851921
2016-11-28 22:00:00,399.468895587358
2016-11-28 23:00:00,241.58293801956643
2016-11-29 00:00:00,122.8878513046678
2016-11-29 01:00:00,67.88815721341686
2016-11-29 02:00:00,37.994359081863976
2016-11-29 03:00:00,24.570626316551227
2016-11-29 04:00:00,29.440082344599723
2016-11-29 05:00:00,94.14254043961958
2016-11-29 06:00:00,612.9096083504662
2016-11-29 07:00:00,2178.759686602497
2016-11-29 08:00:00,4182.646813175364
2016-11-29 09:00:00,2056.1800981315037
2016-11-29 10:00:00,882.2731259076867
2016-11-29 11:00:00,821.8077919964198
2016-11-29 12:00:00,1031.0866322148931
2016-11-29 13:00:00,1047.2692764938406
2016-11-29 14:00:00,995.1494464391104
2016-11-29 15:00:00,1074.6654904762022
2016-11-29 16:00:00,1499.8050990829774
2016-11-29 17:00:00,2899.000588251418
2016-11-29 18:00:00,2795.2423639165763
2016-11-29 19:00:00,1579.6771739474796
2016-11-29 20:00:00,870.0242938831518
2016-11-29 21:00:00,616.3314346232708
2016-11-29 22:00:00,449.4647390019742
2016-11-29 23:00:00,271.897629972194
2016-11-30 00:00:00,143.27732077595522
2016-11-30 01:00:00,79.63814863087619
2016-11-30 02:00:00,45.47082942214765
2016-11-30 03:00:00,29.21519991072296
2016-11-30 04:00:00,33.12332187601521
2016-11-30 05:00:00,94.89191141419917
2016-11-30 06:00:00,601.6066739887899
2016-11-30 07:00:00,2132.3549583974345
2016-11-30 08:00:00,4107.112322317809
2016-11-30 09:00:00,2123.9527318134415
2016-11-30 10:00:00,887.8604663552655
2016-11-30 11:00:00,839.3179929381184
2016-11-30 12:00:00,1053.9028576890366
2016-11-30 13:00:00,1067.1399069426177
2016-11-30 14:00:00,1029.8734806786636
2016-11-30 15:00:00,1054.9821896190829
2016-11-30 16:00:00,1473.5196433306749
2016-11-30 17:00:00,2731.6720412329087
2016-11-30 18:00:00,2590.7326859313953
2016-11-30 19:00:00,1491.9966502619866
2016-11-30 20:00:00,865.0994112067475
2016-11-30 21:00:00,599.3469405579359
2016-11-30 22:00:00,461.2368333573942
2016-11-30 23:00:00,301.16700145990177
2016-12-01 00:00:00,153.8238824686434
2016-12-01 01:00:00,94.73811307005623
2016-12-01 02:00:00,65.02702413474279
2016-12-01 03:00:00,52.372237667010985
2016-12-01 04:00:00,54.969753307472295
2016-12-01 05:00:00,111.04362175156339
2016-12-01 06:00:00,506.20072670221134
2016-12-01 07:00:00,1726.070993913162
2016-12-01 08:00:00,3376.9454433693763
2016-12-01 09:00:00,1847.9401959463175
2016-12-01 10:00:00,789.6648829088961
2016-12-01 11:00:00,714.8047792574479
2016-12-01 12:00:00,828.147102984398
2016-12-01 13:00:00,856.0710961457922
2016-12-01 14:00:00,885.8081107460828
2016-12-01 15:00:00,942.3500005601353
2016-12-01 16:00:00,1313.1072283583057
2016-12-01 17:00:00,2328.846577274835
2016-12-01 18:00:00,2191.1757960481605
2016-12-01 19:00:00,1276.0494086829576
2016-12-01 20:00:00,733.5695050397983
2016-12-01 21:00:00,503.76458868051424
2016-12-01 22:00:00,399.6455852316538
2016-12-01 23:00:00,293.40125734121773
2016-12-02 00:00:00,195.34904775345672
2016-12-02 01:00:00,124.30860396633199
2016-12-02 02:00:00,92.22796868722084
2016-12-02 03:00:00,65.75395144268066
2016-12-02 04:00:00,62.004689408492204
2016-12-02 05:00:00,106.18548488062798
2016-12-02 06:00:00,459.7450078368732
2016-12-02 07:00:00,1603.0770737343664
2016-12-02 08:00:00,3112.7342107299137
2016-12-02 09:00:00,1804.6128181913678
2016-12-02 10:00:00,823.6925921225034
2016-12-02 11:00:00,813.8926077306871
2016-12-02 12:00:00,1018.6053071133842
2016-12-02 13:00:00,995.6589043213916
2016-12-02 14:00:00,937.1601028693107
2016-12-02 15:00:00,990.4258078037517
2016-12-02 16:00:00,1389.316616226282
2016-12-02 17:00:00,2265.0139990062817
2016-12-02 18:00:00,1632.991153101419
2016-12-02 19:00:00,1174.9723472471323
2016-12-02 20:00:00,675.7289910984814
2016-12-02 21:00:00,504.27365649630246
2016-12-02 22:00:00,443.0821722135679
2016-12-02 23:00:00,403.6065351405312
2016-12-03 00:00:00,343.50028921780415
2016-12-03 01:00:00,279.71346499853564
2016-12-03 02:00:00,215.93228359755358
2016-12-03 03:00:00,156.98199885945763
2016-12-03 04:00:00,117.10192507235597
2016-12-03 05:00:00,94.11303267131218
2016-12-03 06:00:00,115.79945103153676
2016-12-03 07:00:00,201.64135465609144
2016-12-03 08:00:00,364.4845267283298
2016-12-03 09:00:00,672.5165495362558
2016-12-03 10:00:00,958.8559995618607
2016-12-03 11:00:00,1201.622189419219
2016-12-03 12:00:00,1394.5830269558546
2016-12-03 13:00:00,1387.1586891988572
2016-12-03 14:00:00,1396.6418287037218
2016-12-03 15:00:00,1352.3395857961314
2016-12-03 16:00:00,1225.7678122434654
2016-12-03 17:00:00,975.1570051407349
2016-12-03 18:00:00,835.298659149291
2016-12-03 19:00:00,612.6640531355733
2016-12-03 20:00:00,456.4982158522061
2016-12-03 21:00:00,367.6693301639739
2016-12-03 22:00:00,354.8258347421023
2016-12-03 23:00:00,339.0851336037639
2016-12-04 00:00:00,337.182064204452
2016-12-04 01:00:00,266.6068298603788
2016-12-04 02:00:00,203.01176210795288
2016-12-04 03:00:00,147.82609973164776
2016-12-04 04:00:00,103.42065524903643
2016-12-04 05:00:00,82.90324349862051
2016-12-04 06:00:00,96.78509086236022
2016-12-04 07:00:00,144.12518694626374
2016-12-04 08:00:00,262.7879315097099
2016-12-04 09:00:00,533.1151459238702
2016-12-04 10:00:00,882.2631607427315
2016-12-04 11:00:00,1078.3775948092343
2016-12-04 12:00:00,1285.5126394817612
2016-12-04 13:00:00,1348.8108123215598
2016-12-04 14:00:00,1356.085605242657
2016-12-04 15:00:00,1292.2954707570193
2016-12-04 16:00:00,1138.879279641214
2016-12-04 17:00:00,888.9454267888412
2016-12-04 18:00:00,741.0660272834086
2016-12-04 19:00:00,527.3888437421689
2016-12-04 20:00:00,393.15243990709837
2016-12-04 21:00:00,309.28347615604565
2016-12-04 22:00:00,281.89851751027584
2016-12-04 23:00:00,231.29320970049025
2016-12-05 00:00:00,129.6109625189385
2016-12-05 01:00:00,79.59073376709016
2016-12-05 02:00:00,55.666086923314765
2016-12-05 03:00:00,43.15446605530853
2016-12-05 04:00:00,45.71929376101004
2016-12-05 05:00:00,98.72082737685245
2016-12-05 06:00:00,506.89411196377546
2016-12-05 07:00:00,1790.9962396391347
2016-12-05 08:00:00,3405.9173926055964
2016-12-05 09:00:00,1722.3317675049952
2016-12-05 10:00:00,708.4041106705039
2016-12-05 11:00:00,628.1453114830983
2016-12-05 12:00:00,787.6415314174996
2016-12-05 13:00:00,819.3350329732045
2016-12-05 14:00:00,771.0137434848663
2016-12-05 15:00:00,846.9344388204847
2016-12-05 16:00:00,1199.1966365707171
2016-12-05 17:00:00,2349.437530524717
2016-12-05 18:00:00,2317.606288760087
2016-12-05 19:00:00,1336.8904522968355
2016-12-05 20:00:00,742.7146028219229
2016-12-05 21:00:00,526.8779810256754
2016-12-05 22:00:00,367.14060668777626
2016-12-05 23:00:00,235.7250315087259
2016-12-06 00:00:00,127.68956417703806
2016-12-06 01:00:00,83.28794763874164
2016-12-06 02:00:00,58.38637859205291
2016-12-06 03:00:00,46.12940438127197
2016-12-06 04:00:00,50.87963457446675
2016-12-06 05:00:00,105.31162014083313
2016-12-06 06:00:00,525.48894773704
2016-12-06 07:00:00,1866.9058710739755
2016-12-06 08:00:00,3640.041873177696
2016-12-06 09:00:00,1867.6632870797375
2016-12-06 10:00:00,784.6320754534148
2016-12-06 11:00:00,729.907082823879
2016-12-06 12:00:00,891.8097664832925
2016-12-06 13:00:00,873.634011952961
2016-12-06 14:00:00,853.7380356911078
2016-12-06 15:00:00,897.0723950550413
2016-12-06 16:00:00,1294.8073896918377
2016-12-06 17:00:00,2459.816800631935
2016-12-06 18:00:00,2456.087585187252
2016-12-06 19:00:00,1423.0358948444295
2016-12-06 20:00:00,831.9969857525952
2016-12-06 21:00:00,627.5316034470793
2016-12-06 22:00:00,481.6370140025199
2016-12-06 23:00:00,308.39669267982515
2016-12-07 00:00:00,174.65130540443528
2016-12-07 01:00:00,110.43680916677631
2016-12-07 02:00:00,78.23923094535553
2016-12-07 03:00:00,60.3481562943942
2016-12-07 04:00:00,62.407922877792906
2016-12-07 05:00:00,121.89937910285387
2016-12-07 06:00:00,566.5572844696372
2016-12-07 07:00:00,1897.9488549822413
2016-12-07 08:00:00,3747.0296355560904
2016-12-07 09:00:00,1925.5797380550139
2016-12-07 10:00:00,886.0515250531859
2016-12-07 11:00:00,866.0307122480594
2016-12-07 12:00:00,1056.4584898508192
2016-12-07 13:00:00,1052.49573855782
2016-12-07 14:00:00,1019.614151578785
2016-12-07 15:00:00,1053.8204457533557
2016-12-07 16:00:00,1470.7156840350945
2016-12-07 17:00:00,2763.662609913953
2016-12-07 18:00:00,2632.169925964997
2016-12-07 19:00:00,1563.01945559863
2016-12-07 20:00:00,958.5267531079621
2016-12-07 21:00:00,706.9763699331078
2016-12-07 22:00:00,583.1027738265763
2016-12-07 23:00:00,405.42438039908455
2016-12-08 00:00:00,233.1086436849822
2016-12-08 01:00:00,149.49332024914526
2016-12-08 02:00:00,100.07577578237931
2016-12-08 03:00:00,70.77635432300738
2016-12-08 04:00:00,69.66860569383992
2016-12-08 05:00:00,130.77635886719472
2016-12-08 06:00:00,605.643526275163
2016-12-08 07:00:00,1962.3821277541256
2016-12-08 08:00:00,3703.4951733066187
2016-12-08 09:00:00,1944.4549331019152
2016-12-08 10:00:00,850.0084712713274
2016-12-08 11:00:00,846.3550336617351
2016-12-08 12:00:00,958.3679249918296
2016-12-08 13:00:00,962.3480773086313
2016-12-08 14:00:00,906.694492533758
2016-12-08 15:00:00,993.8973374450359
2016-12-08 16:00:00,1398.8235435802035
2016-12-08 17:00:00,2441.919238384012
2016-12-08 18:00:00,2299.5681361362117
2016-12-08 19:00:00,1388.3367428764882
2016-12-08 20:00:00,814.1168939570686
2016-12-08 21:00:00,610.969748033577
2016-12-08 22:00:00,538.4714739561657
2016-12-08 23:00:00,433.1548556005281
2016-12-09 00:00:00,291.0750534369601
2016-12-09 01:00:00,188.39122176832834
2016-12-09 02:00:00,133.74607765316483
2016-12-09 03:00:00,96.9181062766644
2016-12-09 04:00:00,86.1394751661068
2016-12-09 05:00:00,129.20689684261927
2016-12-09 06:00:00,499.2439892983066
2016-12-09 07:00:00,1624.721554460291
2016-12-09 08:00:00,3164.105415722988
2016-12-09 09:00:00,1777.9789301227388
2016-12-09 10:00:00,903.7487813697984
2016-12-09 11:00:00,900.1882496702785
2016-12-09 12:00:00,1073.403867067599
2016-12-09 13:00:00,1129.2467062258156
2016-12-09 14:00:00,1104.4519109528646
2016-12-09 15:00:00,1174.588814971135
2016-12-09 16:00:00,1528.8455353712993
2016-12-09 17:00:00,2506.860409334583
2016-12-09 18:00:00,2156.0483604621413
2016-12-09 19:00:00,1254.2024244992986
2016-12-09 20:00:00,739.3686173958433
2016-12-09 21:00:00,562.3668199449004
2016-12-09 22:00:00,515.8587421350142
2016-12-09 23:00:00,517.0872504941032
2016-12-10 00:00:00,477.68511006712794
2016-12-10 01:00:00,386.23157708246583
2016-12-10 02:00:00,281.08461285292515
2016-12-10 03:00:00,204.14591667037794
2016-12-10 04:00:00,151.78592277552826
2016-12-10 05:00:00,116.86641249359712
2016-12-10 06:00:00,138.30458816071706
2016-12-10 07:00:00,224.97994594459155
2016-12-10 08:00:00,405.0851401173516
2016-12-10 09:00:00,710.6815477460146
2016-12-10 10:00:00,947.2644508868831
2016-12-10 11:00:00,789.7021286077479
2016-12-10 12:00:00,921.0301828101631
2016-12-10 13:00:00,1391.6690979162977
2016-12-10 14:00:00,1295.3222968692812
2016-12-10 15:00:00,881.0955001412434
2016-12-10 16:00:00,844.100956904776
2016-12-10 17:00:00,700.2501840113631
2016-12-10 18:00:00,626.0086842382029
2016-12-10 19:00:00,472.43103547848455
2016-12-10 20:00:00,340.9881322091185
2016-12-10 21:00:00,260.80834187458834
2016-12-10 22:00:00,270.70293830498593
2016-12-10 23:00:00,388.3554786136042
2016-12-11 00:00:00,391.49148395399504
2016-12-11 01:00:00,305.8748459824306
2016-12-11 02:00:00,232.51517069773794
2016-12-11 03:00:00,169.58714076049154
2016-12-11 04:00:00,114.68351604912348
2016-12-11 05:00:00,89.8743696597386
2016-12-11 06:00:00,100.7220003586361
2016-12-11 07:00:00,145.00258771339236
2016-12-11 08:00:00,268.36276753160934
2016-12-11 09:00:00,509.67902491753455
2016-12-11 10:00:00,808.5931179288224
2016-12-11 11:00:00,1022.4882715760124
2016-12-11 12:00:00,1241.5918279662806
2016-12-11 13:00:00,1350.6891727432553
2016-12-11 14:00:00,1442.889090771274
2016-12-11 15:00:00,1346.6802756865459
2016-12-11 16:00:00,1182.6119945455243
2016-12-11 17:00:00,867.1417297922235
2016-12-11 18:00:00,733.1795652360371
2016-12-11 19:00:00,497.10914649406374
2016-12-11 20:00:00,390.1525206542126
2016-12-11 21:00:00,320.47200274925905
2016-12-11 22:00:00,301.1083102484783
2016-12-11 23:00:00,255.7766297081953
2016-12-12 00:00:00,155.75080040070424
2016-12-12 01:00:00,94.85057482966349
2016-12-12 02:00:00,66.65338103652125
2016-12-12 03:00:00,50.636279719071894
2016-12-12 04:00:00,50.972709553067915
2016-12-12 05:00:00,105.89739623357038
2016-12-12 06:00:00,506.17069871695657
2016-12-12 07:00:00,1731.5424423478798
2016-12-12 08:00:00,3366.113650046381
2016-12-12 09:00:00,1732.611959998349
2016-12-12 10:00:00,696.1816735738981
2016-12-12 11:00:00,677.2273862171486
2016-12-12 12:00:00,843.0283154896533
2016-12-12 13:00:00,817.0191579007758
2016-12-12 14:00:00,780.5276034092946
2016-12-12 15:00:00,596.1000015366054
2016-12-12 16:00:00,899.9554345710358
2016-12-12 17:00:00,2382.915178891023
2016-12-12 18:00:00,2291.8133111243233
2016-12-12 19:00:00,1419.9443154103415
2016-12-12 20:00:00,835.9301706940549
2016-12-12 21:00:00,605.7186798597347
2016-12-12 22:00:00,447.6493908807526
2016-12-12 23:00:00,301.070086263502
2016-12-13 00:00:00,180.89761894897526
2016-12-13 01:00:00,112.25456322988626
2016-12-13 02:00:00,74.16723699045022
2016-12-13 03:00:00,54.82761407217993
2016-12-13 04:00:00,54.69730013294728
2016-12-13 05:00:00,111.32492967139034
2016-12-13 06:00:00,562.2475500571823
2016-12-13 07:00:00,1868.3081752213166
2016-12-13 08:00:00,3653.027545809068
2016-12-13 09:00:00,1376.265126108085
2016-12-13 10:00:00,770.4557514220992
2016-12-13 11:00:00,745.082862615203
2016-12-13 12:00:00,877.9555887927656
2016-12-13 13:00:00,936.2405999440946
2016-12-13 14:00:00,630.2256006977227
2016-12-13 15:00:00,897.5265963394909
2016-12-13 16:00:00,1279.5432284482395
2016-12-13 17:00:00,2679.88472996526
2016-12-13 18:00:00,2583.118013524264
2016-12-13 19:00:00,1530.7242142580676
2016-12-13 20:00:00,870.7869851238855
2016-12-13 21:00:00,614.1642360016332
2016-12-13 22:00:00,495.66798983789533
2016-12-13 23:00:00,355.54416970401087
2016-12-14 00:00:00,223.8705996063702
2016-12-14 01:00:00,131.7709203154597
2016-12-14 02:00:00,93.50536493504373
2016-12-14 03:00:00,63.73019010273347
2016-12-14 04:00:00,61.65540199748918
2016-12-14 05:00:00,117.42867485873666
2016-12-14 06:00:00,558.2408918964608
2016-12-14 07:00:00,1790.3266173484872
2016-12-14 08:00:00,3504.161206731559
2016-12-14 09:00:00,1832.765271487618
2016-12-14 10:00:00,799.3367232247139
2016-12-14 11:00:00,757.7169459584919
2016-12-14 12:00:00,1041.502087210988
2016-12-14 13:00:00,1100.2886244850524
2016-12-14 14:00:00,1059.9929305738005
2016-12-14 15:00:00,1109.8646030797559
2016-12-14 16:00:00,1476.066786508531
2016-12-14 17:00:00,2572.007404231428
2016-12-14 18:00:00,2413.474265432397
2016-12-14 19:00:00,1322.0389658812865
2016-12-14 20:00:00,775.5207145256267
2016-12-14 21:00:00,576.5878363337729
2016-12-14 22:00:00,487.7298680495464
2016-12-14 23:00:00,362.02960115252296
2016-12-15 00:00:00,207.91582304020915
2016-12-15 01:00:00,129.9777751787035
2016-12-15 02:00:00,91.5146233474499
2016-12-15 03:00:00,66.33775543055278
2016-12-15 04:00:00,65.79699263302504
2016-12-15 05:00:00,115.48466973983717
2016-12-15 06:00:00,525.5041773324728
2016-12-15 07:00:00,1654.5882656992599
2016-12-15 08:00:00,3089.6608243370356
2016-12-15 09:00:00,1735.5193882207086
2016-12-15 10:00:00,752.0989308384974
2016-12-15 11:00:00,705.7418004759998
2016-12-15 12:00:00,866.0063684040113
2016-12-15 13:00:00,939.317339606241
2016-12-15 14:00:00,902.5107913309357
2016-12-15 15:00:00,896.0474573457756
2016-12-15 16:00:00,1279.1209185174362
2016-12-15 17:00:00,2245.9365903062453
2016-12-15 18:00:00,2092.2305204216354
2016-12-15 19:00:00,1213.5216264003834
2016-12-15 20:00:00,753.9386228893846
2016-12-15 21:00:00,517.2526382348749
2016-12-15 22:00:00,481.9804559082817
2016-12-15 23:00:00,388.7741314241451
2016-12-16 00:00:00,257.6915446387891
2016-12-16 01:00:00,168.13543688528637
2016-12-16 02:00:00,123.18748812572461
2016-12-16 03:00:00,87.77343023056753
2016-12-16 04:00:00,78.72197559576969
2016-12-16 05:00:00,116.81966973300935
2016-12-16 06:00:00,457.1253794928067
2016-12-16 07:00:00,1497.25467234578
2016-12-16 08:00:00,2850.7665465773152
2016-12-16 09:00:00,1679.0926792667146
2016-12-16 10:00:00,825.0481531511567
2016-12-16 11:00:00,775.861857070858
2016-12-16 12:00:00,927.5727779146158
2016-12-16 13:00:00,989.2716121419415
2016-12-16 14:00:00,923.8748006548875
2016-12-16 15:00:00,941.247900438104
2016-12-16 16:00:00,1243.1899327682117
2016-12-16 17:00:00,1986.8562123992901
2016-12-16 18:00:00,1920.4300023460269
2016-12-16 19:00:00,1107.2595899559242
2016-12-16 20:00:00,679.9676393707184
2016-12-16 21:00:00,549.9725924437516
2016-12-16 22:00:00,527.3266114805709
2016-12-16 23:00:00,481.8992015380313
2016-12-17 00:00:00,419.8307237282349
2016-12-17 01:00:00,325.9347655104378
2016-12-17 02:00:00,249.98596870838838
2016-12-17 03:00:00,168.52138817754627
2016-12-17 04:00:00,125.46180058433104
2016-12-17 05:00:00,98.08601095834905
2016-12-17 06:00:00,117.47359412621225
2016-12-17 07:00:00,191.42014519926198
2016-12-17 08:00:00,333.7537815265148
2016-12-17 09:00:00,619.2857177789753
2016-12-17 10:00:00,880.2698597723747
2016-12-17 11:00:00,1054.17488965974
2016-12-17 12:00:00,1168.5190329703996
2016-12-17 13:00:00,1132.3231518972666
2016-12-17 14:00:00,1120.8382265278124
2016-12-17 15:00:00,1142.407019491748
2016-12-17 16:00:00,1044.0434111974992
2016-12-17 17:00:00,878.486042809529
2016-12-17 18:00:00,801.5241966000057
2016-12-17 19:00:00,603.3763073682926
2016-12-17 20:00:00,461.72053949603554
2016-12-17 21:00:00,379.6142976554427
2016-12-17 22:00:00,380.1139273043863
2016-12-17 23:00:00,378.00639706325086
2016-12-18 00:00:00,384.99404961424256
2016-12-18 01:00:00,319.98293507223696
2016-12-18 02:00:00,255.78972171753108
2016-12-18 03:00:00,186.82601685785622
2016-12-18 04:00:00,129.14211791552455
2016-12-18 05:00:00,99.18431470112432
2016-12-18 06:00:00,108.32326736959968
2016-12-18 07:00:00,149.29233987036412
2016-12-18 08:00:00,260.42033496398267
2016-12-18 09:00:00,529.787018588868
2016-12-18 10:00:00,785.8072551148334
2016-12-18 11:00:00,969.5373397853391
2016-12-18 12:00:00,1160.620211586494
2016-12-18 13:00:00,1171.647689274308
2016-12-18 14:00:00,1184.2131276774176
2016-12-18 15:00:00,1154.3455923797178
2016-12-18 16:00:00,998.2126458751883
2016-12-18 17:00:00,766.453596669658
2016-12-18 18:00:00,761.6195379333128
2016-12-18 19:00:00,499.99522530823236
2016-12-18 20:00:00,381.26417301483616
2016-12-18 21:00:00,318.6437959138349
2016-12-18 22:00:00,301.339590082739
2016-12-18 23:00:00,252.64232506283608
2016-12-19 00:00:00,162.1017735287949
2016-12-19 01:00:00,100.9755344379072
2016-12-19 02:00:00,72.53852682876406
2016-12-19 03:00:00,55.57140154432215
2016-12-19 04:00:00,54.39283910115947
2016-12-19 05:00:00,101.60276871749844
2016-12-19 06:00:00,487.65072466092084
2016-12-19 07:00:00,1621.913870640214
2016-12-19 08:00:00,3022.372554267926
2016-12-19 09:00:00,1732.6280058404195
2016-12-19 10:00:00,560.5124823865992
2016-12-19 11:00:00,506.116623425182
2016-12-19 12:00:00,607.6559817584189
2016-12-19 13:00:00,825.789630304133
2016-12-19 14:00:00,771.6019793373375
2016-12-19 15:00:00,828.4585820510536
2016-12-19 16:00:00,1156.4394604915724
2016-12-19 17:00:00,2081.2556609830417
2016-12-19 18:00:00,1974.918601993139
2016-12-19 19:00:00,1180.4303120432473
2016-12-19 20:00:00,673.5495657246599
2016-12-19 21:00:00,499.9697073918422
2016-12-19 22:00:00,358.8957234945015
2016-12-19 23:00:00,272.12934154274166
2016-12-20 00:00:00,158.7310941726461
2016-12-20 01:00:00,101.4380431130714
2016-12-20 02:00:00,70.4528180936272
2016-12-20 03:00:00,54.09419531953291
2016-12-20 04:00:00,54.6668171568788
2016-12-20 05:00:00,100.57756391281502
2016-12-20 06:00:00,495.6152141831239
2016-12-20 07:00:00,1657.5934650599766
2016-12-20 08:00:00,3247.7701908528984
2016-12-20 09:00:00,1744.357601898345
2016-12-20 10:00:00,779.2407179678213
2016-12-20 11:00:00,756.0536440403708
2016-12-20 12:00:00,902.2850090034535
2016-12-20 13:00:00,934.7243660985982
2016-12-20 14:00:00,865.6432055881522
2016-12-20 15:00:00,905.0812355363332
2016-12-20 16:00:00,1226.7680603589674
2016-12-20 17:00:00,2212.9730324576253
2016-12-20 18:00:00,2123.260735345819
2016-12-20 19:00:00,1185.595951557706
2016-12-20 20:00:00,621.4140797144132
2016-12-20 21:00:00,455.7729870860194
2016-12-20 22:00:00,363.3213443183648
2016-12-20 23:00:00,263.6002432519085
2016-12-21 00:00:00,160.67192541220976
2016-12-21 01:00:00,102.80729428003592
2016-12-21 02:00:00,62.38413505318205
2016-12-21 03:00:00,46.25615784211631
2016-12-21 04:00:00,52.912186135262225
2016-12-21 05:00:00,94.21800693353522
2016-12-21 06:00:00,375.96813006948753
2016-12-21 07:00:00,1426.4504214182925
2016-12-21 08:00:00,2744.9933376146764
2016-12-21 09:00:00,1523.9684408380012
2016-12-21 10:00:00,662.0804666003096
2016-12-21 11:00:00,597.4180927375883
2016-12-21 12:00:00,528.4475356602263
2016-12-21 13:00:00,843.2369884509196
2016-12-21 14:00:00,869.6628630095069
2016-12-21 15:00:00,943.993219746472
2016-12-21 16:00:00,1237.9329645417765
2016-12-21 17:00:00,2044.820958662589
2016-12-21 18:00:00,1909.4560812001528
2016-12-21 19:00:00,1085.092746448282
2016-12-21 20:00:00,666.9406465621113
2016-12-21 21:00:00,517.206648220224
2016-12-21 22:00:00,449.6108359270129
2016-12-21 23:00:00,334.9878217871875
2016-12-22 00:00:00,200.10014376415322
2016-12-22 01:00:00,122.73707248359194
2016-12-22 02:00:00,79.64736759163078
2016-12-22 03:00:00,56.539718938242295
2016-12-22 04:00:00,54.348348618089766
2016-12-22 05:00:00,95.04949589169433
2016-12-22 06:00:00,431.8049287870551
2016-12-22 07:00:00,1321.2407858043007
2016-12-22 08:00:00,2465.9206498228673
2016-12-22 09:00:00,1441.2510730322006
2016-12-22 10:00:00,675.1904089543693
2016-12-22 11:00:00,709.1843319197712
2016-12-22 12:00:00,969.1227358990327
2016-12-22 13:00:00,985.2317310405119
2016-12-22 14:00:00,922.7609209447497
2016-12-22 15:00:00,898.8892446132072
2016-12-22 16:00:00,1086.2504911426427
2016-12-22 17:00:00,1654.6127724959056
2016-12-22 18:00:00,1535.3176886724204
2016-12-22 19:00:00,871.5554444810572
2016-12-22 20:00:00,554.8080154977603
2016-12-22 21:00:00,425.74633688793597
2016-12-22 22:00:00,380.68936742788975
2016-12-22 23:00:00,312.835378714432
2016-12-23 00:00:00,192.758381538108
2016-12-23 01:00:00,122.53326973422195
2016-12-23 02:00:00,88.30888219586232
2016-12-23 03:00:00,62.96505133321952
2016-12-23 04:00:00,57.650883908319884
2016-12-23 05:00:00,87.76234949694326
2016-12-23 06:00:00,338.2091418645289
2016-12-23 07:00:00,1095.2633733936073
2016-12-23 08:00:00,2021.5238905164906
2016-12-23 09:00:00,1266.3455843635265
2016-12-23 10:00:00,640.7358685677369
2016-12-23 11:00:00,576.409948820085
2016-12-23 12:00:00,750.8610910207333
2016-12-23 13:00:00,748.275299481261
2016-12-23 14:00:00,714.6386699402809
2016-12-23 15:00:00,717.9164672756094
2016-12-23 16:00:00,897.7514856011019
2016-12-23 17:00:00,1327.1675952440974
2016-12-23 18:00:00,938.826057273194
2016-12-23 19:00:00,626.7895759246636
2016-12-23 20:00:00,437.6243172514359
2016-12-23 21:00:00,398.94349794532263
2016-12-23 22:00:00,368.99174554176057
2016-12-23 23:00:00,319.73411115792527
2016-12-24 00:00:00,287.1415308689602
2016-12-24 01:00:00,221.26364724847852
2016-12-24 02:00:00,166.33005205990256
2016-12-24 03:00:00,117.57934587388604
2016-12-24 04:00:00,86.88367951422461
2016-12-24 05:00:00,68.2501911691509
2016-12-24 06:00:00,78.20280110117994
2016-12-24 07:00:00,136.64652486425544
2016-12-24 08:00:00,260.6849654544242
2016-12-24 09:00:00,491.6091352638293
2016-12-24 10:00:00,741.6423392164863
2016-12-24 11:00:00,901.0701220532036
2016-12-24 12:00:00,1056.8955163720007
2016-12-24 13:00:00,1063.7986156048592
2016-12-24 14:00:00,1039.2606146258036
2016-12-24 15:00:00,933.1366810609159
2016-12-24 16:00:00,850.2948610140294
2016-12-24 17:00:00,654.7149016626062
2016-12-24 18:00:00,626.1688991893714
2016-12-24 19:00:00,440.6959425860753
2016-12-24 20:00:00,267.1581580363504
2016-12-24 21:00:00,291.0882500652884
2016-12-24 22:00:00,302.2787803299002
2016-12-24 23:00:00,290.7080091696424
2016-12-25 00:00:00,255.08774653059223
2016-12-25 01:00:00,199.79273491684293
2016-12-25 02:00:00,158.20202510506718
2016-12-25 03:00:00,123.30474992824817
2016-12-25 04:00:00,98.93467296061004
2016-12-25 05:00:00,75.58694914546402
2016-12-25 06:00:00,79.69872779368812
2016-12-25 07:00:00,114.32663740076629
2016-12-25 08:00:00,198.05235271859718
2016-12-25 09:00:00,402.3335977450493
2016-12-25 10:00:00,576.3648278190636
2016-12-25 11:00:00,735.6180128353014
2016-12-25 12:00:00,904.0982257882679
2016-12-25 13:00:00,914.5067145901182
2016-12-25 14:00:00,933.0249054306557
2016-12-25 15:00:00,894.6999698583961
2016-12-25 16:00:00,867.8235955350652
2016-12-25 17:00:00,682.6381415306563
2016-12-25 18:00:00,559.9691907736052
2016-12-25 19:00:00,440.3921139081879
2016-12-25 20:00:00,272.6119427125099
2016-12-25 21:00:00,276.0709360887696
2016-12-25 22:00:00,269.3079781856826
2016-12-25 23:00:00,233.77345917704756
2016-12-26 00:00:00,217.9239407950226
2016-12-26 01:00:00,150.24273947278397
2016-12-26 02:00:00,98.12084522038339
2016-12-26 03:00:00,80.02638244466439
2016-12-26 04:00:00,71.70236504460095
2016-12-26 05:00:00,62.009904585901396
2016-12-26 06:00:00,105.74451466339737
2016-12-26 07:00:00,131.04528957346702
2016-12-26 08:00:00,220.60151868304644
2016-12-26 09:00:00,439.3994771023287
2016-12-26 10:00:00,673.5635805228951
2016-12-26 11:00:00,832.6240763012078
2016-12-26 12:00:00,982.9292005122489
2016-12-26 13:00:00,1138.9952504777912
2016-12-26 14:00:00,1201.5264374888056
2016-12-26 15:00:00,1178.2916935359658
2016-12-26 16:00:00,1045.4681095979622
2016-12-26 17:00:00,759.8055625248641
2016-12-26 18:00:00,692.9623478360018
2016-12-26 19:00:00,479.40076959911227
2016-12-26 20:00:00,411.950883254972
2016-12-26 21:00:00,351.3312068210877
2016-12-26 22:00:00,299.77900062627106
2016-12-26 23:00:00,240.79007496163027
2016-12-27 00:00:00,238.48151368417396
2016-12-27 01:00:00,174.10549713411362
2016-12-27 02:00:00,131.88036592634825
2016-12-27 03:00:00,106.22683523106645
2016-12-27 04:00:00,86.39602774912296
2016-12-27 05:00:00,72.51631170932235
2016-12-27 06:00:00,122.06316114868888
2016-12-27 07:00:00,146.24447519708164
2016-12-27 08:00:00,230.17591679400584
2016-12-27 09:00:00,415.616272643113
2016-12-27 10:00:00,632.0964600955813
2016-12-27 11:00:00,859.0197308676713
2016-12-27 12:00:00,1071.8992508194228
2016-12-27 13:00:00,1227.2797714000371
2016-12-27 14:00:00,1237.8218739543986
2016-12-27 15:00:00,1217.2356259791045
2016-12-27 16:00:00,1033.8111082541436
2016-12-27 17:00:00,732.4549571027106
2016-12-27 18:00:00,669.4133945139217
2016-12-27 19:00:00,492.7379369533042
2016-12-27 20:00:00,429.9178221904919
2016-12-27 21:00:00,361.81174330002443
2016-12-27 22:00:00,304.53926233324796
2016-12-27 23:00:00,247.83106132658136
2016-12-28 00:00:00,164.5244975885868
2016-12-28 01:00:00,104.27743737800408
2016-12-28 02:00:00,76.12378531787589
2016-12-28 03:00:00,64.27658230355965
2016-12-28 04:00:00,60.0124329734859
2016-12-28 05:00:00,79.24693562336944
2016-12-28 06:00:00,264.3719177029646
2016-12-28 07:00:00,708.6183709533718
2016-12-28 08:00:00,1439.4149408771482
2016-12-28 09:00:00,1021.3666510817467
2016-12-28 10:00:00,617.3764684621026
2016-12-28 11:00:00,475.5644380159743
2016-12-28 12:00:00,721.9669406356834
2016-12-28 13:00:00,741.5619867796408
2016-12-28 14:00:00,708.981583070585
2016-12-28 15:00:00,813.5345798518193
2016-12-28 16:00:00,884.3076200643861
2016-12-28 17:00:00,1147.080719003147
2016-12-28 18:00:00,1050.3954515736195
2016-12-28 19:00:00,635.9488687734802
2016-12-28 20:00:00,424.6424505270404
2016-12-28 21:00:00,363.80642133136496
2016-12-28 22:00:00,318.8805139768351
2016-12-28 23:00:00,269.2324654774791
2016-12-29 00:00:00,190.07369163037868
2016-12-29 01:00:00,126.40098017190417
2016-12-29 02:00:00,92.29053709850953
2016-12-29 03:00:00,72.76753566686295
2016-12-29 04:00:00,69.2838564940302
2016-12-29 05:00:00,89.28207766475752
2016-12-29 06:00:00,324.58991880461866
2016-12-29 07:00:00,820.3161134043236
2016-12-29 08:00:00,1490.8374248504756
2016-12-29 09:00:00,1027.330663482454
2016-12-29 10:00:00,655.7091374247946
2016-12-29 11:00:00,641.8492556146527
2016-12-29 12:00:00,793.9094511346801
2016-12-29 13:00:00,860.9430832535905
2016-12-29 14:00:00,897.4938054432429
2016-12-29 15:00:00,853.5057037033122
2016-12-29 16:00:00,879.0924239636367
2016-12-29 17:00:00,1078.2266903171958
2016-12-29 18:00:00,1008.9140796477026
2016-12-29 19:00:00,556.2323371090756
2016-12-29 20:00:00,448.3052770133935
2016-12-29 21:00:00,381.2140327766724
2016-12-29 22:00:00,362.6223665416428
2016-12-29 23:00:00,303.9607533358034
2016-12-30 00:00:00,166.82119203845974
2016-12-30 01:00:00,107.18088735465368
2016-12-30 02:00:00,85.64495954204689
2016-12-30 03:00:00,76.61995639911834
2016-12-30 04:00:00,70.08120457856589
2016-12-30 05:00:00,88.98633962060175
2016-12-30 06:00:00,295.46226508021755
2016-12-30 07:00:00,925.1541777297058
2016-12-30 08:00:00,1544.5077971226792
2016-12-30 09:00:00,1100.8146416142858
2016-12-30 10:00:00,604.3207068719676
2016-12-30 11:00:00,580.7032609339436
2016-12-30 12:00:00,699.963743466532
2016-12-30 13:00:00,712.0202481838671
2016-12-30 14:00:00,674.5112489369791
2016-12-30 15:00:00,709.4298052366659
2016-12-30 16:00:00,813.9336665055437
2016-12-30 17:00:00,1110.0351670955079
2016-12-30 18:00:00,1011.3463464777549
2016-12-30 19:00:00,644.4686618811327
2016-12-30 20:00:00,420.06140818461563
2016-12-30 21:00:00,343.6521772418721
2016-12-30 22:00:00,321.45192466428455
2016-12-30 23:00:00,293.1696291970634
2016-12-31 00:00:00,237.61985451623022
2016-12-31 01:00:00,193.84870248539085
2016-12-31 02:00:00,154.68588378329443
2016-12-31 03:00:00,116.15319421872773
2016-12-31 04:00:00,89.80171705469554
2016-12-31 05:00:00,75.07630145546477
2016-12-31 06:00:00,78.27427456716373
2016-12-31 07:00:00,120.12139319442161
2016-12-31 08:00:00,186.57832873440708
2016-12-31 09:00:00,364.32207144700254
2016-12-31 10:00:00,494.4033231277176
2016-12-31 11:00:00,548.7818898583614
2016-12-31 12:00:00,632.865311447368
2016-12-31 13:00:00,648.8247361836958
2016-12-31 14:00:00,580.8139901356517
2016-12-31 15:00:00,715.0815949906907
2016-12-31 16:00:00,673.5754334273672
2016-12-31 17:00:00,488.53381205375024
2016-12-31 18:00:00,435.8876997480881
2016-12-31 19:00:00,341.3589516754096
2016-12-31 20:00:00,269.9808405899604
2016-12-31 21:00:00,223.81008111299434
2016-12-31 22:00:00,229.40626204335422
2016-12-31 23:00:00,198.9151489066325
2017-01-01 00:00:00,226.81081965501778
2017-01-01 01:00:00,183.75156193475996
2017-01-01 02:00:00,132.21455387680993
2017-01-01 03:00:00,107.07590849114436
2017-01-01 04:00:00,77.0269166149609
2017-01-01 05:00:00,60.37616583524412
2017-01-01 06:00:00,61.129297844098836
2017-01-01 07:00:00,85.89979011780561
2017-01-01 08:00:00,148.93322762997437
2017-01-01 09:00:00,279.61926631458226
2017-01-01 10:00:00,519.2881640595576
2017-01-01 11:00:00,642.3075152559031
2017-01-01 12:00:00,759.9751409471683
2017-01-01 13:00:00,545.8846255848337
2017-01-01 14:00:00,414.8074346119969
2017-01-01 15:00:00,357.0951815395434
2017-01-01 16:00:00,353.84598598659295
2017-01-01 17:00:00,308.36592167817076
2017-01-01 18:00:00,295.6039509421844
2017-01-01 19:00:00,247.06575159045678
2017-01-01 20:00:00,195.55591518288009
2017-01-01 21:00:00,169.6081635335535
2017-01-01 22:00:00,204.03450687655214
2017-01-01 23:00:00,195.0119773919368
2017-01-02 00:00:00,203.7249297254546
2017-01-02 01:00:00,141.64777234214455
2017-01-02 02:00:00,107.42037931621545
2017-01-02 03:00:00,83.06952941299247
2017-01-02 04:00:00,73.93081943481582
2017-01-02 05:00:00,75.71962256460051
2017-01-02 06:00:00,131.88777128048213
2017-01-02 07:00:00,151.90331031130322
2017-01-02 08:00:00,226.76309779739574
2017-01-02 09:00:00,382.8022165996568
2017-01-02 10:00:00,593.0278047445719
2017-01-02 11:00:00,822.5989181175881
2017-01-02 12:00:00,939.9973192854102
2017-01-02 13:00:00,1117.4407814916149
2017-01-02 14:00:00,1204.3243355977206
2017-01-02 15:00:00,1106.572298827903
2017-01-02 16:00:00,1115.395698266842
2017-01-02 17:00:00,886.3232766916924
2017-01-02 18:00:00,747.460711352794
2017-01-02 19:00:00,535.017183773754
2017-01-02 20:00:00,435.54144579917056
2017-01-02 21:00:00,351.16818217852574
2017-01-02 22:00:00,296.5521905251111
2017-01-02 23:00:00,207.10831663659621
2017-01-03 00:00:00,107.47608677322617
2017-01-03 01:00:00,67.38988132672515
2017-01-03 02:00:00,48.623039091330604
2017-01-03 03:00:00,41.50359152882198
2017-01-03 04:00:00,44.226217829898644
2017-01-03 05:00:00,82.53297813681026
2017-01-03 06:00:00,433.7698724243006
2017-01-03 07:00:00,1500.1177655490765
2017-01-03 08:00:00,2735.5048571934935
2017-01-03 09:00:00,1536.9997965516254
2017-01-03 10:00:00,631.7494082873267
2017-01-03 11:00:00,599.0148998897167
2017-01-03 12:00:00,718.7208340269124
2017-01-03 13:00:00,757.1886552752491
2017-01-03 14:00:00,723.6162464257313
2017-01-03 15:00:00,733.399434816861
2017-01-03 16:00:00,1120.5754605119942
2017-01-03 17:00:00,2242.1867928425354
2017-01-03 18:00:00,2098.819633724529
2017-01-03 19:00:00,1211.4827910274062
2017-01-03 20:00:00,676.1815038258318
2017-01-03 21:00:00,464.68884665717496
2017-01-03 22:00:00,341.38214798323446
2017-01-03 23:00:00,213.16010049918808
