image_id,label
100042118.jpg,healthy
1000723321.jpg,brown_streak_disease
1001742395.jpg,brown_streak_disease
1002088496.jpg,brown_streak_disease
1003987001.jpg,mosaic_disease
1007196516.jpg,green_mottle
100731318.jpg,mosaic_disease
1008126487.jpg,mosaic_disease
1008142548.jpg,mosaic_disease
1009361983.jpg,mosaic_disease
1009431532.jpg,green_mottle
1010806468.jpg,green_mottle
1011571614.jpg,brown_streak_disease
1011909285.jpg,green_mottle
1013734375.jpg,mosaic_disease
1014332426.jpg,healthy
1016027375.jpg,brown_streak_disease
1017670009.jpg,green_mottle
1019359196.jpg,mosaic_disease
1019486948.jpg,mosaic_disease
1023663951.jpg,bacterial_blight
1023937437.jpg,mosaic_disease
1024504187.jpg,brown_streak_disease
1025060651.jpg,mosaic_disease
1025693532.jpg,mosaic_disease
1028318593.jpg,mosaic_disease
1030448520.jpg,brown_streak_disease
1033962303.jpg,brown_streak_disease
1034548842.jpg,green_mottle
1035014017.jpg,healthy
1035350866.jpg,mosaic_disease
1035475040.jpg,mosaic_disease
103630546.jpg,mosaic_disease
1036697361.jpg,mosaic_disease
1036959902.jpg,bacterial_blight
1037277772.jpg,brown_streak_disease
1039176615.jpg,healthy
1039830931.jpg,mosaic_disease
1041701814.jpg,mosaic_disease
1041923025.jpg,mosaic_disease
1043238803.jpg,green_mottle
1043752907.jpg,mosaic_disease
1044221536.jpg,green_mottle
1044545725.jpg,mosaic_disease
1045708576.jpg,mosaic_disease
1046631452.jpg,green_mottle
1047550741.jpg,mosaic_disease
1047901042.jpg,green_mottle
1047958369.jpg,brown_streak_disease
1051688339.jpg,bacterial_blight
1052095724.jpg,healthy
1052118637.jpg,mosaic_disease
1054468967.jpg,mosaic_disease
1055305901.jpg,mosaic_disease
1060739991.jpg,mosaic_disease
1063110047.jpg,brown_streak_disease
1064635740.jpg,mosaic_disease
1064688608.jpg,green_mottle
1066546103.jpg,brown_streak_disease
1069065600.jpg,mosaic_disease
1070548894.jpg,mosaic_disease
1071660717.jpg,mosaic_disease
1071960213.jpg,bacterial_blight
1072171567.jpg,mosaic_disease
1073893170.jpg,mosaic_disease
107427326.jpg,healthy
1075456471.jpg,bacterial_blight
1076699996.jpg,mosaic_disease
1077032520.jpg,brown_streak_disease
10780620.jpg,mosaic_disease
1080123455.jpg,brown_streak_disease
1081331009.jpg,bacterial_blight
1082822990.jpg,healthy
1084779411.jpg,healthy
1086683858.jpg,mosaic_disease
1088048736.jpg,mosaic_disease
1088631003.jpg,mosaic_disease
1088853815.jpg,mosaic_disease
1090285146.jpg,mosaic_disease
1093114557.jpg,mosaic_disease
1093765262.jpg,brown_streak_disease
1096438409.jpg,mosaic_disease
1097497550.jpg,mosaic_disease
1098184586.jpg,healthy
1100049957.jpg,mosaic_disease
1100052546.jpg,mosaic_disease
1101262562.jpg,brown_streak_disease
1102114596.jpg,healthy
110316351.jpg,mosaic_disease
1103304372.jpg,bacterial_blight
1105163779.jpg,mosaic_disease
1105255922.jpg,healthy
1105650232.jpg,mosaic_disease
1105907243.jpg,brown_streak_disease
110949726.jpg,mosaic_disease
1110421964.jpg,mosaic_disease
1110776878.jpg,mosaic_disease
1111006106.jpg,mosaic_disease
1112568678.jpg,mosaic_disease
1113324991.jpg,mosaic_disease
1113813904.jpg,mosaic_disease
1115249889.jpg,mosaic_disease
1115273193.jpg,mosaic_disease
1117006363.jpg,mosaic_disease
1117136990.jpg,brown_streak_disease
111755849.jpg,mosaic_disease
1117937512.jpg,mosaic_disease
1118213233.jpg,mosaic_disease
1118350826.jpg,green_mottle
1118381273.jpg,mosaic_disease
1123269893.jpg,healthy
1123691141.jpg,brown_streak_disease
1124545066.jpg,mosaic_disease
112487271.jpg,mosaic_disease
1125109121.jpg,green_mottle
112690000.jpg,healthy
1126995294.jpg,mosaic_disease
1128373288.jpg,mosaic_disease
1129086927.jpg,mosaic_disease
1130201707.jpg,brown_streak_disease
1130848139.jpg,mosaic_disease
1131164164.jpg,healthy
1131824490.jpg,bacterial_blight
1133271450.jpg,brown_streak_disease
1133309905.jpg,green_mottle
1137421218.jpg,brown_streak_disease
113803368.jpg,mosaic_disease
1138072371.jpg,mosaic_disease
1140278796.jpg,mosaic_disease
1141754259.jpg,mosaic_disease
114198015.jpg,brown_streak_disease
1143022454.jpg,mosaic_disease
1146811684.jpg,mosaic_disease
1148267148.jpg,healthy
1148412619.jpg,mosaic_disease
1148629594.jpg,healthy
1148976891.jpg,mosaic_disease
1149596528.jpg,healthy
1150053692.jpg,mosaic_disease
1151214071.jpg,mosaic_disease
1151941049.jpg,bacterial_blight
1152100841.jpg,mosaic_disease
1153882793.jpg,healthy
1155922656.jpg,mosaic_disease
1156963169.jpg,brown_streak_disease
1157584839.jpg,mosaic_disease
1159573446.jpg,mosaic_disease
1159977136.jpg,mosaic_disease
1161422335.jpg,mosaic_disease
1161718761.jpg,green_mottle
1161877959.jpg,mosaic_disease
1163169626.jpg,mosaic_disease
1163211967.jpg,mosaic_disease
1165463551.jpg,mosaic_disease
1167375452.jpg,mosaic_disease
117031981.jpg,mosaic_disease
1170646822.jpg,mosaic_disease
1171302232.jpg,mosaic_disease
117226420.jpg,mosaic_disease
1178339881.jpg,mosaic_disease
1179913576.jpg,mosaic_disease
1182451935.jpg,mosaic_disease
118348643.jpg,mosaic_disease
1186662179.jpg,mosaic_disease
118845002.jpg,mosaic_disease
1193388066.jpg,mosaic_disease
1194116552.jpg,mosaic_disease
119573280.jpg,mosaic_disease
1197890857.jpg,green_mottle
1198476572.jpg,healthy
1198530356.jpg,mosaic_disease
119857388.jpg,mosaic_disease
1200108798.jpg,brown_streak_disease
1200666322.jpg,bacterial_blight
1202852313.jpg,mosaic_disease
1205581229.jpg,healthy
1205963821.jpg,mosaic_disease
1207863833.jpg,healthy
1208561216.jpg,mosaic_disease
1208930498.jpg,brown_streak_disease
1211782296.jpg,mosaic_disease
1211842242.jpg,mosaic_disease
1212399275.jpg,mosaic_disease
1213254809.jpg,mosaic_disease
1213859298.jpg,healthy
1215323856.jpg,mosaic_disease
1216540575.jpg,healthy
1218794118.jpg,mosaic_disease
1222730682.jpg,mosaic_disease
1223189227.jpg,mosaic_disease
122390799.jpg,brown_streak_disease
1224932535.jpg,mosaic_disease
1226067101.jpg,mosaic_disease
122766178.jpg,green_mottle
1227858300.jpg,brown_streak_disease
1228648727.jpg,brown_streak_disease
1228668761.jpg,mosaic_disease
1230729035.jpg,brown_streak_disease
1231587429.jpg,mosaic_disease
1231866114.jpg,bacterial_blight
1233339948.jpg,green_mottle
1233762252.jpg,healthy
1234042950.jpg,mosaic_disease
1234931385.jpg,green_mottle
1235142158.jpg,healthy
12351712.jpg,healthy
1235188286.jpg,green_mottle
1236952675.jpg,mosaic_disease
1239270828.jpg,healthy
1242670856.jpg,bacterial_blight
1244582090.jpg,mosaic_disease
1246560412.jpg,healthy
1248926880.jpg,healthy
1249702391.jpg,mosaic_disease
1250343314.jpg,mosaic_disease
1251319553.jpg,mosaic_disease
1251549762.jpg,mosaic_disease
1252242867.jpg,mosaic_disease
1252288895.jpg,green_mottle
1252787417.jpg,mosaic_disease
125344081.jpg,green_mottle
1258444443.jpg,mosaic_disease
1258505000.jpg,mosaic_disease
1258508279.jpg,mosaic_disease
12588847.jpg,mosaic_disease
126058013.jpg,mosaic_disease
1261918701.jpg,mosaic_disease
1262742218.jpg,mosaic_disease
1264302367.jpg,bacterial_blight
1266586037.jpg,mosaic_disease
1267456239.jpg,healthy
12688038.jpg,green_mottle
1268809916.jpg,mosaic_disease
1268934820.jpg,healthy
1269528724.jpg,mosaic_disease
1269832262.jpg,mosaic_disease
1270179035.jpg,healthy
1270462565.jpg,bacterial_blight
1270512550.jpg,mosaic_disease
1273363177.jpg,mosaic_disease
1274100886.jpg,mosaic_disease
1274387624.jpg,mosaic_disease
1274424632.jpg,mosaic_disease
1274870847.jpg,mosaic_disease
1277936443.jpg,mosaic_disease
1279918358.jpg,brown_streak_disease
1284753184.jpg,mosaic_disease
1285837923.jpg,mosaic_disease
1286002720.jpg,mosaic_disease
1287323446.jpg,mosaic_disease
1287942179.jpg,mosaic_disease
1288115291.jpg,healthy
1288354862.jpg,mosaic_disease
1289615657.jpg,mosaic_disease
1289985467.jpg,brown_streak_disease
1291552662.jpg,mosaic_disease
1292410663.jpg,brown_streak_disease
1292573857.jpg,mosaic_disease
1296460388.jpg,mosaic_disease
1297980012.jpg,healthy
1298289380.jpg,mosaic_disease
1298789590.jpg,brown_streak_disease
1302078468.jpg,brown_streak_disease
1302300755.jpg,healthy
1302328544.jpg,mosaic_disease
1303549363.jpg,mosaic_disease
1303557485.jpg,mosaic_disease
1304015285.jpg,healthy
1305777482.jpg,healthy
1307848426.jpg,mosaic_disease
1308168920.jpg,mosaic_disease
1308234304.jpg,mosaic_disease
1309794504.jpg,green_mottle
1309857132.jpg,brown_streak_disease
1311965722.jpg,mosaic_disease
1312658140.jpg,healthy
1315698965.jpg,healthy
1315872826.jpg,healthy
1317352014.jpg,mosaic_disease
1319252065.jpg,healthy
1320006527.jpg,mosaic_disease
1320401376.jpg,mosaic_disease
1323186666.jpg,mosaic_disease
132695140.jpg,healthy
1331106068.jpg,brown_streak_disease
1331491784.jpg,mosaic_disease
1333145781.jpg,mosaic_disease
133326379.jpg,healthy
133431114.jpg,healthy
1339311059.jpg,mosaic_disease
1339337700.jpg,mosaic_disease
1344533607.jpg,healthy
1344686527.jpg,mosaic_disease
1344694162.jpg,mosaic_disease
1344931095.jpg,mosaic_disease
1346754206.jpg,healthy
1347873049.jpg,mosaic_disease
1347907652.jpg,mosaic_disease
1348941923.jpg,mosaic_disease
1350902917.jpg,mosaic_disease
135094227.jpg,green_mottle
1351107060.jpg,brown_streak_disease
1352385379.jpg,mosaic_disease
135254587.jpg,brown_streak_disease
1352692605.jpg,mosaic_disease
1354408202.jpg,mosaic_disease
1354800137.jpg,mosaic_disease
1355230082.jpg,mosaic_disease
1355462312.jpg,brown_streak_disease
1355602317.jpg,mosaic_disease
1355825847.jpg,bacterial_blight
1357774593.jpg,brown_streak_disease
1358076537.jpg,bacterial_blight
1360675476.jpg,mosaic_disease
1363024111.jpg,mosaic_disease
1363807985.jpg,healthy
1364389290.jpg,mosaic_disease
1364435251.jpg,healthy
1364643330.jpg,mosaic_disease
1367418803.jpg,mosaic_disease
1369732079.jpg,mosaic_disease
1369983957.jpg,mosaic_disease
1372642771.jpg,mosaic_disease
137383741.jpg,mosaic_disease
1375245484.jpg,mosaic_disease
1376689947.jpg,mosaic_disease
1377187378.jpg,green_mottle
1377199562.jpg,mosaic_disease
1377263378.jpg,mosaic_disease
1377618103.jpg,mosaic_disease
1377755607.jpg,green_mottle
1378311298.jpg,green_mottle
1378330885.jpg,green_mottle
1378549599.jpg,healthy
1380973855.jpg,green_mottle
1381453836.jpg,bacterial_blight
1381919423.jpg,green_mottle
1382329644.jpg,mosaic_disease
1383174686.jpg,mosaic_disease
1387417051.jpg,brown_streak_disease
1387999254.jpg,mosaic_disease
1390241299.jpg,mosaic_disease
1391510011.jpg,mosaic_disease
1393343720.jpg,mosaic_disease
1393861868.jpg,mosaic_disease
139397294.jpg,mosaic_disease
1395194377.jpg,mosaic_disease
1395794245.jpg,mosaic_disease
1396114117.jpg,brown_streak_disease
1396197326.jpg,brown_streak_disease
1398572814.jpg,mosaic_disease
1398685050.jpg,mosaic_disease
1400687003.jpg,bacterial_blight
140243499.jpg,mosaic_disease
1402491391.jpg,healthy
1403410864.jpg,mosaic_disease
1403954196.jpg,mosaic_disease
1407355307.jpg,green_mottle
1412788738.jpg,bacterial_blight
1414812251.jpg,mosaic_disease
1415940915.jpg,mosaic_disease
1417446398.jpg,mosaic_disease
1417496054.jpg,mosaic_disease
1417975194.jpg,mosaic_disease
1421692593.jpg,mosaic_disease
1422694007.jpg,mosaic_disease
1425154910.jpg,green_mottle
1427622404.jpg,mosaic_disease
142821017.jpg,brown_streak_disease
1428921734.jpg,green_mottle
1429000810.jpg,green_mottle
1430955699.jpg,bacterial_blight
143572777.jpg,green_mottle
1436605997.jpg,healthy
1436835230.jpg,mosaic_disease
1437139355.jpg,mosaic_disease
1439711843.jpg,mosaic_disease
1442310291.jpg,healthy
144301620.jpg,mosaic_disease
1443950929.jpg,mosaic_disease
1445369057.jpg,healthy
1446406888.jpg,mosaic_disease
1446704302.jpg,mosaic_disease
1448397186.jpg,bacterial_blight
1451862945.jpg,mosaic_disease
1452260416.jpg,mosaic_disease
1452672436.jpg,mosaic_disease
1454219565.jpg,green_mottle
1457493809.jpg,mosaic_disease
1458603668.jpg,bacterial_blight
1459148536.jpg,mosaic_disease
1459278356.jpg,healthy
1461335818.jpg,mosaic_disease
1465359996.jpg,mosaic_disease
1467601507.jpg,mosaic_disease
1468715314.jpg,bacterial_blight
1469713619.jpg,brown_streak_disease
1470663072.jpg,mosaic_disease
1471005249.jpg,brown_streak_disease
1472296263.jpg,mosaic_disease
1479257856.jpg,mosaic_disease
1481229182.jpg,mosaic_disease
1483743890.jpg,mosaic_disease
1483888570.jpg,mosaic_disease
148514131.jpg,brown_streak_disease
148723715.jpg,brown_streak_disease
1487752843.jpg,mosaic_disease
1488135132.jpg,mosaic_disease
1488515803.jpg,mosaic_disease
1488901749.jpg,brown_streak_disease
1489161942.jpg,mosaic_disease
1490830673.jpg,mosaic_disease
1490838967.jpg,healthy
149232931.jpg,brown_streak_disease
1492594056.jpg,mosaic_disease
1494523424.jpg,healthy
1494577157.jpg,mosaic_disease
1495877886.jpg,mosaic_disease
1497799028.jpg,bacterial_blight
1498800523.jpg,green_mottle
1499416552.jpg,mosaic_disease
1503427899.jpg,mosaic_disease
1503505916.jpg,mosaic_disease
1504892231.jpg,mosaic_disease
1509796476.jpg,mosaic_disease
1510309183.jpg,mosaic_disease
1510845223.jpg,bacterial_blight
1513503205.jpg,green_mottle
1517468243.jpg,brown_streak_disease
1518858149.jpg,mosaic_disease
1520664922.jpg,bacterial_blight
1520672258.jpg,healthy
1524177006.jpg,mosaic_disease
1524561947.jpg,mosaic_disease
1524851298.jpg,mosaic_disease
1525088638.jpg,mosaic_disease
1526199104.jpg,mosaic_disease
1526798053.jpg,brown_streak_disease
1527129815.jpg,mosaic_disease
1527846790.jpg,mosaic_disease
1528657939.jpg,healthy
1535102624.jpg,mosaic_disease
1535573498.jpg,mosaic_disease
1535644192.jpg,mosaic_disease
1539485289.jpg,mosaic_disease
1539509654.jpg,mosaic_disease
1539758625.jpg,brown_streak_disease
1540424279.jpg,mosaic_disease
154044716.jpg,mosaic_disease
1540564326.jpg,healthy
1541808301.jpg,mosaic_disease
1542437080.jpg,healthy
1543963201.jpg,brown_streak_disease
1544907945.jpg,mosaic_disease
1546870332.jpg,bacterial_blight
1548476712.jpg,mosaic_disease
1550184448.jpg,mosaic_disease
1551517348.jpg,bacterial_blight
1551557825.jpg,mosaic_disease
1552281514.jpg,green_mottle
1555809175.jpg,mosaic_disease
1555851966.jpg,green_mottle
1556262944.jpg,bacterial_blight
1556505679.jpg,mosaic_disease
1556779187.jpg,mosaic_disease
1557398186.jpg,healthy
155778794.jpg,bacterial_blight
1557930579.jpg,mosaic_disease
1562043567.jpg,bacterial_blight
156209433.jpg,brown_streak_disease
1562573948.jpg,healthy
1567964165.jpg,brown_streak_disease
1568304787.jpg,mosaic_disease
1568466149.jpg,mosaic_disease
1569164715.jpg,bacterial_blight
1570341270.jpg,bacterial_blight
157149350.jpg,mosaic_disease
1573602024.jpg,healthy
1575013487.jpg,mosaic_disease
1576606254.jpg,bacterial_blight
1578977008.jpg,mosaic_disease
1579603853.jpg,mosaic_disease
1579761476.jpg,brown_streak_disease
1580921361.jpg,green_mottle
1584525423.jpg,green_mottle
1585833498.jpg,mosaic_disease
1586292581.jpg,bacterial_blight
1589160306.jpg,mosaic_disease
1589421421.jpg,brown_streak_disease
1589860418.jpg,mosaic_disease
1590163332.jpg,mosaic_disease
1592499949.jpg,mosaic_disease
1594317361.jpg,mosaic_disease
1597845268.jpg,mosaic_disease
1598187662.jpg,mosaic_disease
1599378224.jpg,mosaic_disease
1603012255.jpg,mosaic_disease
1606458459.jpg,green_mottle
1608599582.jpg,healthy
1609127882.jpg,mosaic_disease
1610155369.jpg,mosaic_disease
1610632486.jpg,mosaic_disease
1612177465.jpg,green_mottle
1614856846.jpg,mosaic_disease
1615166642.jpg,green_mottle
1615919700.jpg,brown_streak_disease
1616411405.jpg,mosaic_disease
1616824359.jpg,bacterial_blight
1617179127.jpg,mosaic_disease
1617366913.jpg,green_mottle
1617688706.jpg,mosaic_disease
1617838083.jpg,mosaic_disease
1620003976.jpg,mosaic_disease
1620023854.jpg,mosaic_disease
1620970351.jpg,mosaic_disease
1621817975.jpg,mosaic_disease
1622379223.jpg,mosaic_disease
1622568975.jpg,brown_streak_disease
1622914804.jpg,mosaic_disease
1623777842.jpg,mosaic_disease
162740748.jpg,brown_streak_disease
1627474400.jpg,brown_streak_disease
1627787371.jpg,mosaic_disease
1628925501.jpg,brown_streak_disease
1629130822.jpg,mosaic_disease
1630010851.jpg,brown_streak_disease
163120716.jpg,green_mottle
1631620098.jpg,mosaic_disease
1632258226.jpg,mosaic_disease
1633620342.jpg,healthy
1634651167.jpg,mosaic_disease
1636292294.jpg,mosaic_disease
1637055528.jpg,green_mottle
1638051159.jpg,healthy
163947288.jpg,brown_streak_disease
1643057033.jpg,mosaic_disease
1643576810.jpg,mosaic_disease
1649683387.jpg,bacterial_blight
1650247048.jpg,healthy
1653263130.jpg,mosaic_disease
1657183324.jpg,mosaic_disease
1658025063.jpg,healthy
1658661727.jpg,mosaic_disease
165934128.jpg,mosaic_disease
1660551148.jpg,mosaic_disease
1664825517.jpg,mosaic_disease
1668363819.jpg,brown_streak_disease
1670109260.jpg,mosaic_disease
1672251151.jpg,green_mottle
1672763395.jpg,brown_streak_disease
1674972630.jpg,brown_streak_disease
167516751.jpg,mosaic_disease
1677019415.jpg,brown_streak_disease
1677224730.jpg,bacterial_blight
1679578972.jpg,bacterial_blight
1680419623.jpg,mosaic_disease
1680657766.jpg,green_mottle
1681299084.jpg,mosaic_disease
1681870456.jpg,brown_streak_disease
1683677421.jpg,mosaic_disease
1683735177.jpg,mosaic_disease
1684427056.jpg,mosaic_disease
1686082281.jpg,brown_streak_disease
1687247558.jpg,healthy
1688759248.jpg,mosaic_disease
1689119367.jpg,mosaic_disease
1689510013.jpg,brown_streak_disease
1690277956.jpg,brown_streak_disease
1690305793.jpg,brown_streak_disease
1690581200.jpg,green_mottle
1691276389.jpg,mosaic_disease
1695222952.jpg,green_mottle
1696213009.jpg,mosaic_disease
1699999256.jpg,brown_streak_disease
1701889907.jpg,mosaic_disease
1702776814.jpg,mosaic_disease
1703457168.jpg,mosaic_disease
1703538353.jpg,mosaic_disease
1703598406.jpg,mosaic_disease
1704973107.jpg,mosaic_disease
1705904234.jpg,mosaic_disease
1706070292.jpg,bacterial_blight
1706796288.jpg,mosaic_disease
1708591810.jpg,mosaic_disease
1708792236.jpg,healthy
170892269.jpg,healthy
1710187645.jpg,green_mottle
1712337902.jpg,mosaic_disease
1712397585.jpg,brown_streak_disease
1712458333.jpg,green_mottle
1713720885.jpg,healthy
1714436989.jpg,mosaic_disease
1719304067.jpg,mosaic_disease
1720351409.jpg,mosaic_disease
1720653126.jpg,mosaic_disease
1720773250.jpg,green_mottle
1723001945.jpg,mosaic_disease
1725925773.jpg,mosaic_disease
1726536780.jpg,brown_streak_disease
1726783807.jpg,mosaic_disease
1730472510.jpg,bacterial_blight
1731218937.jpg,green_mottle
1731589806.jpg,green_mottle
1731591176.jpg,mosaic_disease
1732173388.jpg,green_mottle
1733285805.jpg,mosaic_disease
1737267770.jpg,mosaic_disease
1737731640.jpg,mosaic_disease
1739864126.jpg,green_mottle
1741040717.jpg,mosaic_disease
1741218848.jpg,mosaic_disease
1741717414.jpg,mosaic_disease
1741733319.jpg,mosaic_disease
1744145648.jpg,mosaic_disease
1745816126.jpg,healthy
174674584.jpg,mosaic_disease
1747286543.jpg,mosaic_disease
1748255784.jpg,mosaic_disease
1749530371.jpg,green_mottle
1751029526.jpg,green_mottle
1753621875.jpg,mosaic_disease
1757557877.jpg,mosaic_disease
1758274933.jpg,mosaic_disease
1758852388.jpg,mosaic_disease
1758913732.jpg,mosaic_disease
175989862.jpg,mosaic_disease
1763396057.jpg,healthy
1767778795.jpg,bacterial_blight
1768545420.jpg,mosaic_disease
1768671156.jpg,mosaic_disease
1768909120.jpg,green_mottle
1769895706.jpg,mosaic_disease
1770025671.jpg,mosaic_disease
1770789243.jpg,mosaic_disease
1773042943.jpg,bacterial_blight
1773203521.jpg,mosaic_disease
1775446541.jpg,mosaic_disease
1775680225.jpg,mosaic_disease
1776338335.jpg,mosaic_disease
1777367691.jpg,mosaic_disease
1777490062.jpg,mosaic_disease
1778344931.jpg,green_mottle
1779278752.jpg,brown_streak_disease
1779392681.jpg,mosaic_disease
1781447464.jpg,mosaic_disease
1781932612.jpg,brown_streak_disease
1782213029.jpg,mosaic_disease
1784432938.jpg,mosaic_disease
178555372.jpg,healthy
1785877990.jpg,mosaic_disease
1787456859.jpg,mosaic_disease
1788775599.jpg,mosaic_disease
1788926581.jpg,mosaic_disease
1789849638.jpg,brown_streak_disease
1791561646.jpg,green_mottle
179171196.jpg,healthy
1791724511.jpg,brown_streak_disease
1791819872.jpg,mosaic_disease
1794775847.jpg,mosaic_disease
1795318849.jpg,bacterial_blight
1795774689.jpg,healthy
1796126555.jpg,mosaic_disease
1797773732.jpg,healthy
1801881558.jpg,green_mottle
1802409860.jpg,mosaic_disease
1803422865.jpg,green_mottle
1804175748.jpg,mosaic_disease
1805228807.jpg,mosaic_disease
180526120.jpg,mosaic_disease
1807049681.jpg,green_mottle
1808491145.jpg,green_mottle
1809122626.jpg,mosaic_disease
1811483991.jpg,mosaic_disease
1814991024.jpg,brown_streak_disease
1815643293.jpg,healthy
1815972967.jpg,healthy
181667206.jpg,healthy
1821315166.jpg,healthy
182316349.jpg,bacterial_blight
1823192027.jpg,brown_streak_disease
1824113054.jpg,mosaic_disease
1824705261.jpg,mosaic_disease
1827159214.jpg,mosaic_disease
1829820794.jpg,mosaic_disease
1831001186.jpg,mosaic_disease
1831389246.jpg,mosaic_disease
183316854.jpg,mosaic_disease
183535060.jpg,mosaic_disease
1835637370.jpg,mosaic_disease
1837309847.jpg,mosaic_disease
1839152868.jpg,mosaic_disease
1839467462.jpg,mosaic_disease
1842263776.jpg,healthy
1843160862.jpg,mosaic_disease
1844302649.jpg,bacterial_blight
1844847808.jpg,bacterial_blight
1845227647.jpg,mosaic_disease
1845555412.jpg,mosaic_disease
1855493278.jpg,mosaic_disease
1856852302.jpg,green_mottle
1859010639.jpg,mosaic_disease
1859104179.jpg,healthy
1860678801.jpg,mosaic_disease
1862072615.jpg,healthy
1865241097.jpg,mosaic_disease
1866858066.jpg,mosaic_disease
1868737413.jpg,mosaic_disease
1870220929.jpg,mosaic_disease
1870630420.jpg,healthy
1870824948.jpg,healthy
1871120832.jpg,mosaic_disease
1872997067.jpg,mosaic_disease
1873204876.jpg,brown_streak_disease
1875176388.jpg,mosaic_disease
1878603606.jpg,mosaic_disease
1878671102.jpg,mosaic_disease
18792791.jpg,mosaic_disease
1879306214.jpg,brown_streak_disease
1879473722.jpg,brown_streak_disease
1880302534.jpg,mosaic_disease
1882441539.jpg,mosaic_disease
188551774.jpg,healthy
1887844954.jpg,brown_streak_disease
1889617951.jpg,healthy
1890285082.jpg,mosaic_disease
1891124969.jpg,mosaic_disease
1892210616.jpg,mosaic_disease
1892378935.jpg,healthy
1892531971.jpg,brown_streak_disease
189256302.jpg,brown_streak_disease
1892715809.jpg,green_mottle
189339781.jpg,mosaic_disease
1894124003.jpg,brown_streak_disease
1895446245.jpg,mosaic_disease
1897585920.jpg,mosaic_disease
1897758108.jpg,mosaic_disease
1898688057.jpg,mosaic_disease
1899098077.jpg,mosaic_disease
1901330627.jpg,mosaic_disease
1901823348.jpg,mosaic_disease
1902379335.jpg,green_mottle
1907583116.jpg,mosaic_disease
1908074016.jpg,mosaic_disease
1910208633.jpg,mosaic_disease
191073475.jpg,healthy
1912329791.jpg,brown_streak_disease
1913067109.jpg,mosaic_disease
1916750786.jpg,mosaic_disease
1918397898.jpg,mosaic_disease
1920538853.jpg,mosaic_disease
1921138686.jpg,brown_streak_disease
1921224656.jpg,mosaic_disease
1922691253.jpg,mosaic_disease
1926346428.jpg,mosaic_disease
1926938373.jpg,mosaic_disease
1927374168.jpg,mosaic_disease
1927778435.jpg,healthy
1927862563.jpg,mosaic_disease
1928387839.jpg,mosaic_disease
1928512042.jpg,mosaic_disease
1929477466.jpg,brown_streak_disease
1929510475.jpg,bacterial_blight
1931934349.jpg,green_mottle
1932036531.jpg,mosaic_disease
1933911755.jpg,green_mottle
1936058467.jpg,bacterial_blight
1938715150.jpg,green_mottle
1939120106.jpg,mosaic_disease
193958679.jpg,bacterial_blight
194035212.jpg,mosaic_disease
1941569739.jpg,brown_streak_disease
1948078849.jpg,mosaic_disease
1948579246.jpg,brown_streak_disease
1950825631.jpg,mosaic_disease
1951270318.jpg,green_mottle
1951432594.jpg,mosaic_disease
1951627890.jpg,mosaic_disease
1952459381.jpg,mosaic_disease
1954353329.jpg,mosaic_disease
1955289592.jpg,brown_streak_disease
1956034762.jpg,healthy
1957481322.jpg,mosaic_disease
1957687163.jpg,brown_streak_disease
1957897144.jpg,healthy
1958450462.jpg,mosaic_disease
1959596149.jpg,mosaic_disease
1960927003.jpg,healthy
1962653168.jpg,mosaic_disease
1963440956.jpg,healthy
1963478389.jpg,mosaic_disease
1964845483.jpg,mosaic_disease
1965932647.jpg,mosaic_disease
1966385524.jpg,mosaic_disease
196723634.jpg,mosaic_disease
1970290195.jpg,green_mottle
1971179233.jpg,mosaic_disease
1971360173.jpg,mosaic_disease
1971423032.jpg,healthy
1971706918.jpg,brown_streak_disease
1974242714.jpg,green_mottle
1974404627.jpg,mosaic_disease
1978570472.jpg,mosaic_disease
1979887558.jpg,brown_streak_disease
1981073260.jpg,bacterial_blight
1981291103.jpg,green_mottle
1982908964.jpg,healthy
1983266061.jpg,mosaic_disease
1983422244.jpg,brown_streak_disease
1983581913.jpg,brown_streak_disease
1983716706.jpg,mosaic_disease
1984285050.jpg,green_mottle
1986556511.jpg,mosaic_disease
1986722045.jpg,mosaic_disease
1988550329.jpg,mosaic_disease
198858011.jpg,mosaic_disease
1989543996.jpg,green_mottle
1990916295.jpg,bacterial_blight
1991311917.jpg,brown_streak_disease
1991345445.jpg,mosaic_disease
1993274456.jpg,mosaic_disease
199365289.jpg,green_mottle
1993797048.jpg,bacterial_blight
1994226029.jpg,brown_streak_disease
1995081893.jpg,mosaic_disease
1996317543.jpg,green_mottle
1996736745.jpg,healthy
1998676158.jpg,mosaic_disease
1999233979.jpg,mosaic_disease
1999715913.jpg,healthy
2000281372.jpg,mosaic_disease
2001457610.jpg,mosaic_disease
2002072647.jpg,green_mottle
2002772795.jpg,mosaic_disease
2002853239.jpg,brown_streak_disease
200330382.jpg,mosaic_disease
2003956257.jpg,mosaic_disease
2005247448.jpg,mosaic_disease
201033185.jpg,mosaic_disease
2011474799.jpg,brown_streak_disease
20153440.jpg,healthy
2016031973.jpg,mosaic_disease
2016298412.jpg,green_mottle
2016930631.jpg,mosaic_disease
2016976059.jpg,brown_streak_disease
2017329516.jpg,mosaic_disease
2018748620.jpg,mosaic_disease
2019072714.jpg,green_mottle
2019191905.jpg,mosaic_disease
2019763598.jpg,mosaic_disease
2021244568.jpg,mosaic_disease
2021497832.jpg,mosaic_disease
2021701763.jpg,mosaic_disease
2021955535.jpg,mosaic_disease
2022032014.jpg,mosaic_disease
2022806840.jpg,healthy
2024172583.jpg,mosaic_disease
2027047978.jpg,mosaic_disease
2027184079.jpg,mosaic_disease
2028194351.jpg,brown_streak_disease
2028259586.jpg,green_mottle
2028754685.jpg,brown_streak_disease
2028922516.jpg,mosaic_disease
2029017692.jpg,mosaic_disease
2029911058.jpg,mosaic_disease
2030421746.jpg,mosaic_disease
203087445.jpg,brown_streak_disease
2033648478.jpg,mosaic_disease
2033709422.jpg,mosaic_disease
2034179066.jpg,brown_streak_disease
2034300909.jpg,mosaic_disease
2038307832.jpg,mosaic_disease
204127246.jpg,mosaic_disease
2042091361.jpg,mosaic_disease
2043405600.jpg,mosaic_disease
2045367383.jpg,mosaic_disease
2051048628.jpg,mosaic_disease
2051816326.jpg,mosaic_disease
205249425.jpg,mosaic_disease
2052889955.jpg,green_mottle
2054719137.jpg,mosaic_disease
2054830345.jpg,brown_streak_disease
2055419164.jpg,mosaic_disease
2056049935.jpg,brown_streak_disease
2056102313.jpg,green_mottle
2057019092.jpg,mosaic_disease
2059254361.jpg,healthy
2059987520.jpg,mosaic_disease
2064086293.jpg,mosaic_disease
206432986.jpg,healthy
2064730340.jpg,mosaic_disease
2065621111.jpg,healthy
2067363667.jpg,green_mottle
2069885945.jpg,healthy
2070022132.jpg,mosaic_disease
2070373158.jpg,mosaic_disease
207069305.jpg,mosaic_disease
2073193450.jpg,brown_streak_disease
207626715.jpg,mosaic_disease
2078445415.jpg,mosaic_disease
2078503653.jpg,mosaic_disease
2078875826.jpg,green_mottle
2078899075.jpg,healthy
2079076752.jpg,mosaic_disease
2079090639.jpg,bacterial_blight
2079354513.jpg,mosaic_disease
2080902492.jpg,mosaic_disease
2082079788.jpg,mosaic_disease
2082157575.jpg,healthy
208431523.jpg,green_mottle
2084711314.jpg,brown_streak_disease
2084810608.jpg,healthy
2084909272.jpg,mosaic_disease
2086061590.jpg,mosaic_disease
2086436188.jpg,mosaic_disease
2086525919.jpg,healthy
2086555883.jpg,mosaic_disease
2086771327.jpg,mosaic_disease
2086830475.jpg,brown_streak_disease
2089510627.jpg,mosaic_disease
2090381650.jpg,mosaic_disease
2092954094.jpg,green_mottle
20966306.jpg,green_mottle
2097195239.jpg,mosaic_disease
2097527991.jpg,mosaic_disease
2098616985.jpg,mosaic_disease
2098910919.jpg,mosaic_disease
2101057157.jpg,mosaic_disease
210185909.jpg,mosaic_disease
2103640329.jpg,mosaic_disease
2106727602.jpg,mosaic_disease
2107635089.jpg,healthy
2108802993.jpg,mosaic_disease
210902208.jpg,mosaic_disease
2110342774.jpg,mosaic_disease
2110598019.jpg,mosaic_disease
2111990467.jpg,bacterial_blight
2112146017.jpg,mosaic_disease
2113897648.jpg,healthy
211439133.jpg,green_mottle
2115818711.jpg,mosaic_disease
211733181.jpg,healthy
2118892329.jpg,healthy
2123430239.jpg,mosaic_disease
212828935.jpg,mosaic_disease
2129562481.jpg,mosaic_disease
2129589240.jpg,mosaic_disease
2130686560.jpg,mosaic_disease
2133324266.jpg,mosaic_disease
2134759369.jpg,healthy
2135458138.jpg,mosaic_disease
2138515969.jpg,brown_streak_disease
2139869177.jpg,mosaic_disease
2140850552.jpg,mosaic_disease
2140927238.jpg,mosaic_disease
2141137374.jpg,healthy
2143249620.jpg,mosaic_disease
2143275369.jpg,green_mottle
214640752.jpg,healthy
2147491241.jpg,mosaic_disease
2148866933.jpg,mosaic_disease
2149765362.jpg,brown_streak_disease
2151050324.jpg,green_mottle
2154249381.jpg,mosaic_disease
2154562670.jpg,bacterial_blight
2154740842.jpg,mosaic_disease
2154958086.jpg,green_mottle
2156480283.jpg,mosaic_disease
2156883044.jpg,mosaic_disease
2157124737.jpg,mosaic_disease
2159189425.jpg,mosaic_disease
2161053094.jpg,mosaic_disease
2161797110.jpg,mosaic_disease
2170557341.jpg,mosaic_disease
2172089965.jpg,mosaic_disease
2173342901.jpg,mosaic_disease
217477861.jpg,mosaic_disease
2174889455.jpg,mosaic_disease
2175327103.jpg,healthy
2178075893.jpg,mosaic_disease
2178754842.jpg,mosaic_disease
2178815503.jpg,mosaic_disease
2179250488.jpg,mosaic_disease
2179468784.jpg,mosaic_disease
2182334736.jpg,mosaic_disease
2184099355.jpg,mosaic_disease
2185068357.jpg,mosaic_disease
2186042272.jpg,mosaic_disease
2186113594.jpg,mosaic_disease
2189140444.jpg,healthy
218932775.jpg,healthy
2190921157.jpg,mosaic_disease
219119835.jpg,green_mottle
2191328263.jpg,healthy
2191379565.jpg,mosaic_disease
2193031874.jpg,mosaic_disease
2193450129.jpg,mosaic_disease
2198293252.jpg,mosaic_disease
2198591812.jpg,green_mottle
2199327268.jpg,healthy
2199495585.jpg,mosaic_disease
219949624.jpg,brown_streak_disease
2199936871.jpg,mosaic_disease
2200120036.jpg,healthy
2200310457.jpg,mosaic_disease
2200408441.jpg,mosaic_disease
2202131582.jpg,brown_streak_disease
2202750916.jpg,mosaic_disease
2203128362.jpg,mosaic_disease
2203184461.jpg,mosaic_disease
2208299443.jpg,mosaic_disease
2208840546.jpg,mosaic_disease
220903933.jpg,healthy
2209567923.jpg,healthy
2210634392.jpg,mosaic_disease
2211468159.jpg,mosaic_disease
2212089862.jpg,mosaic_disease
2214549486.jpg,mosaic_disease
2215986164.jpg,mosaic_disease
2216366508.jpg,healthy
2216772761.jpg,brown_streak_disease
2216829799.jpg,mosaic_disease
2217091217.jpg,healthy
2217598381.jpg,mosaic_disease
2218341655.jpg,bacterial_blight
2218891230.jpg,healthy
2220628508.jpg,mosaic_disease
2220656958.jpg,green_mottle
2221155069.jpg,mosaic_disease
2221302395.jpg,mosaic_disease
222165082.jpg,mosaic_disease
2225422643.jpg,mosaic_disease
2227639831.jpg,green_mottle
2227901688.jpg,mosaic_disease
2228138892.jpg,mosaic_disease
222987451.jpg,green_mottle
2231080458.jpg,mosaic_disease
223143311.jpg,green_mottle
2234089477.jpg,mosaic_disease
22341045.jpg,green_mottle
2236456685.jpg,mosaic_disease
2237276919.jpg,mosaic_disease
2237756499.jpg,mosaic_disease
2238956267.jpg,mosaic_disease
2240115800.jpg,mosaic_disease
2242706727.jpg,green_mottle
2243541656.jpg,green_mottle
2244163823.jpg,mosaic_disease
2245645111.jpg,green_mottle
2246240102.jpg,mosaic_disease
2247445291.jpg,mosaic_disease
2247595260.jpg,healthy
2247618278.jpg,brown_streak_disease
2248271758.jpg,mosaic_disease
2249556134.jpg,green_mottle
2251583230.jpg,brown_streak_disease
2252107066.jpg,green_mottle
2252903610.jpg,mosaic_disease
2254310915.jpg,mosaic_disease
2254620180.jpg,mosaic_disease
2257439526.jpg,mosaic_disease
2258402011.jpg,bacterial_blight
2259672910.jpg,mosaic_disease
226029154.jpg,healthy
2261145380.jpg,brown_streak_disease
2261494787.jpg,brown_streak_disease
2261678500.jpg,bacterial_blight
2264163141.jpg,green_mottle
226485421.jpg,mosaic_disease
226533928.jpg,healthy
226557134.jpg,mosaic_disease
2266026214.jpg,healthy
2266461434.jpg,mosaic_disease
2266545283.jpg,mosaic_disease
2266653294.jpg,mosaic_disease
2268128907.jpg,mosaic_disease
2269122583.jpg,mosaic_disease
2271567719.jpg,mosaic_disease
2271731125.jpg,mosaic_disease
2272490534.jpg,mosaic_disease
227385036.jpg,mosaic_disease
2278017076.jpg,mosaic_disease
2278265576.jpg,green_mottle
227921485.jpg,healthy
2279465716.jpg,green_mottle
2279625140.jpg,healthy
2281344885.jpg,mosaic_disease
2281714249.jpg,mosaic_disease
2283452558.jpg,healthy
2283773342.jpg,mosaic_disease
2286124427.jpg,healthy
2287137676.jpg,mosaic_disease
2289742337.jpg,green_mottle
229033895.jpg,mosaic_disease
2290881666.jpg,brown_streak_disease
22910447.jpg,mosaic_disease
2291266654.jpg,green_mottle
2291601784.jpg,mosaic_disease
2292375600.jpg,mosaic_disease
2292792964.jpg,mosaic_disease
2293304630.jpg,mosaic_disease
2293657925.jpg,brown_streak_disease
2293810835.jpg,mosaic_disease
2294026382.jpg,brown_streak_disease
2295473688.jpg,mosaic_disease
2297653946.jpg,healthy
230143861.jpg,mosaic_disease
2302273705.jpg,mosaic_disease
2302834762.jpg,mosaic_disease
2303172633.jpg,mosaic_disease
2303513510.jpg,mosaic_disease
2305707140.jpg,healthy
23064716.jpg,bacterial_blight
230708644.jpg,bacterial_blight
2307329953.jpg,mosaic_disease
2308142554.jpg,mosaic_disease
2309592212.jpg,green_mottle
2310639649.jpg,mosaic_disease
2316157970.jpg,mosaic_disease
2316863882.jpg,mosaic_disease
2317623527.jpg,mosaic_disease
2318923331.jpg,mosaic_disease
2319594231.jpg,brown_streak_disease
2319634865.jpg,green_mottle
2319698131.jpg,healthy
2319938868.jpg,mosaic_disease
2321343793.jpg,mosaic_disease
2321958432.jpg,mosaic_disease
2322601993.jpg,green_mottle
2323982153.jpg,mosaic_disease
232417860.jpg,mosaic_disease
2324445131.jpg,mosaic_disease
2327104928.jpg,bacterial_blight
2328232125.jpg,mosaic_disease
232991186.jpg,mosaic_disease
2331763363.jpg,healthy
2333760008.jpg,green_mottle
2337385622.jpg,mosaic_disease
2341674126.jpg,mosaic_disease
2342506991.jpg,mosaic_disease
2343109986.jpg,brown_streak_disease
2343661462.jpg,mosaic_disease
2345007485.jpg,mosaic_disease
2345756157.jpg,mosaic_disease
2346244261.jpg,brown_streak_disease
2349124978.jpg,green_mottle
2349933641.jpg,mosaic_disease
2351001169.jpg,mosaic_disease
235258659.jpg,mosaic_disease
2356810303.jpg,mosaic_disease
2360034731.jpg,brown_streak_disease
2360058086.jpg,mosaic_disease
2360164721.jpg,mosaic_disease
2361236588.jpg,mosaic_disease
2365989054.jpg,mosaic_disease
2368198157.jpg,mosaic_disease
2368468468.jpg,mosaic_disease
2369756081.jpg,brown_streak_disease
2369898303.jpg,mosaic_disease
2370095283.jpg,mosaic_disease
2370587478.jpg,mosaic_disease
2373622965.jpg,mosaic_disease
2375040666.jpg,green_mottle
2378611640.jpg,brown_streak_disease
2378878506.jpg,bacterial_blight
2378984273.jpg,healthy
238134855.jpg,mosaic_disease
2382704468.jpg,mosaic_disease
2382758285.jpg,mosaic_disease
2383430645.jpg,mosaic_disease
2384551148.jpg,healthy
2386253796.jpg,mosaic_disease
2388034478.jpg,green_mottle
2388256843.jpg,mosaic_disease
2389802150.jpg,mosaic_disease
2390205011.jpg,mosaic_disease
2390382955.jpg,mosaic_disease
2391748814.jpg,mosaic_disease
2395724098.jpg,mosaic_disease
2395963049.jpg,mosaic_disease
239724736.jpg,mosaic_disease
23975111.jpg,mosaic_disease
2398365273.jpg,mosaic_disease
2399421947.jpg,brown_streak_disease
2400029036.jpg,green_mottle
2400953436.jpg,brown_streak_disease
2401831630.jpg,brown_streak_disease
2401897926.jpg,mosaic_disease
240215546.jpg,mosaic_disease
2403083568.jpg,mosaic_disease
2404183364.jpg,healthy
2404812661.jpg,green_mottle
2405490653.jpg,green_mottle
2405788205.jpg,mosaic_disease
2407733986.jpg,healthy
2410206880.jpg,healthy
2412808296.jpg,mosaic_disease
2413063602.jpg,mosaic_disease
2414488257.jpg,mosaic_disease
2417374571.jpg,mosaic_disease
241951779.jpg,mosaic_disease
2420114493.jpg,healthy
2420155163.jpg,mosaic_disease
2421492761.jpg,mosaic_disease
2421980371.jpg,green_mottle
2423538120.jpg,brown_streak_disease
242444737.jpg,mosaic_disease
2425385872.jpg,mosaic_disease
2428265097.jpg,mosaic_disease
2428617984.jpg,bacterial_blight
2429433234.jpg,mosaic_disease
2431396348.jpg,bacterial_blight
2432592527.jpg,mosaic_disease
2432967687.jpg,brown_streak_disease
2435254407.jpg,mosaic_disease
2436214521.jpg,brown_streak_disease
2437151204.jpg,mosaic_disease
2437198013.jpg,mosaic_disease
2437615613.jpg,mosaic_disease
2440261962.jpg,mosaic_disease
2444106411.jpg,brown_streak_disease
2444482015.jpg,healthy
2447025051.jpg,mosaic_disease
2447086641.jpg,healthy
2448661412.jpg,mosaic_disease
2450545291.jpg,mosaic_disease
2451619030.jpg,mosaic_disease
2454252015.jpg,healthy
2455047257.jpg,mosaic_disease
2457010245.jpg,healthy
2458565094.jpg,healthy
2461604089.jpg,mosaic_disease
2461718953.jpg,bacterial_blight
2462086186.jpg,mosaic_disease
2462343820.jpg,green_mottle
2462747672.jpg,mosaic_disease
2463031919.jpg,mosaic_disease
2463819050.jpg,healthy
2464983758.jpg,healthy
2466033543.jpg,mosaic_disease
2466684931.jpg,mosaic_disease
2466948945.jpg,mosaic_disease
2467248258.jpg,mosaic_disease
2467873182.jpg,brown_streak_disease
2468594411.jpg,green_mottle
2468769812.jpg,mosaic_disease
2468963984.jpg,mosaic_disease
2469042069.jpg,mosaic_disease
2474050099.jpg,bacterial_blight
2475812200.jpg,brown_streak_disease
2476023220.jpg,mosaic_disease
247720048.jpg,mosaic_disease
2478368838.jpg,brown_streak_disease
2478621909.jpg,mosaic_disease
2479637031.jpg,mosaic_disease
2480147143.jpg,mosaic_disease
2480234576.jpg,brown_streak_disease
2484373271.jpg,bacterial_blight
248540513.jpg,mosaic_disease
2486633208.jpg,mosaic_disease
2487571840.jpg,mosaic_disease
2491752039.jpg,mosaic_disease
2492339911.jpg,bacterial_blight
2495474828.jpg,mosaic_disease
249561882.jpg,mosaic_disease
249583013.jpg,mosaic_disease
249609077.jpg,brown_streak_disease
2496805382.jpg,mosaic_disease
249686764.jpg,mosaic_disease
2498224587.jpg,healthy
2498535927.jpg,healthy
2499859350.jpg,healthy
2501557988.jpg,mosaic_disease
2503003890.jpg,bacterial_blight
2504965655.jpg,mosaic_disease
2505046113.jpg,bacterial_blight
2505719500.jpg,healthy
2508113831.jpg,brown_streak_disease
2508483326.jpg,mosaic_disease
2509423780.jpg,mosaic_disease
2509756796.jpg,mosaic_disease
2510072136.jpg,green_mottle
2510540586.jpg,mosaic_disease
25116516.jpg,mosaic_disease
2512237524.jpg,brown_streak_disease
25132460.jpg,bacterial_blight
2513639394.jpg,healthy
2514350663.jpg,mosaic_disease
2515485322.jpg,mosaic_disease
2517952963.jpg,mosaic_disease
2518036553.jpg,healthy
2520567878.jpg,mosaic_disease
2520831403.jpg,mosaic_disease
2521365018.jpg,healthy
2523038081.jpg,mosaic_disease
2523040233.jpg,mosaic_disease
2523259932.jpg,mosaic_disease
252419229.jpg,mosaic_disease
2524440517.jpg,brown_streak_disease
2524454898.jpg,mosaic_disease
2527296327.jpg,healthy
2528148363.jpg,mosaic_disease
2529358101.jpg,green_mottle
2530435874.jpg,mosaic_disease
2530732959.jpg,mosaic_disease
253094406.jpg,mosaic_disease
2532355205.jpg,mosaic_disease
2532378110.jpg,mosaic_disease
2532813742.jpg,green_mottle
253313711.jpg,mosaic_disease
2534666222.jpg,mosaic_disease
2534943188.jpg,mosaic_disease
2536929613.jpg,mosaic_disease
2540924084.jpg,mosaic_disease
2541245392.jpg,mosaic_disease
2542075685.jpg,mosaic_disease
2542175264.jpg,mosaic_disease
254280460.jpg,mosaic_disease
2542872391.jpg,mosaic_disease
254357332.jpg,mosaic_disease
2548262231.jpg,brown_streak_disease
2548461545.jpg,brown_streak_disease
2549195631.jpg,mosaic_disease
2549375363.jpg,green_mottle
2556137627.jpg,healthy
2556155582.jpg,mosaic_disease
255761886.jpg,mosaic_disease
2557965026.jpg,brown_streak_disease
2558884155.jpg,mosaic_disease
2559119042.jpg,healthy
2559872231.jpg,mosaic_disease
2560468045.jpg,mosaic_disease
2560940001.jpg,mosaic_disease
2562280265.jpg,mosaic_disease
2563137866.jpg,mosaic_disease
2563710464.jpg,healthy
2566633493.jpg,mosaic_disease
2567112394.jpg,mosaic_disease
2568890447.jpg,mosaic_disease
2568949688.jpg,mosaic_disease
2569050922.jpg,mosaic_disease
2569150875.jpg,mosaic_disease
2570786789.jpg,brown_streak_disease
2573993718.jpg,mosaic_disease
2575015649.jpg,mosaic_disease
2575899944.jpg,green_mottle
2576339039.jpg,mosaic_disease
2580905248.jpg,mosaic_disease
258253519.jpg,mosaic_disease
2586811772.jpg,mosaic_disease
2587457959.jpg,mosaic_disease
2589213351.jpg,mosaic_disease
2591214173.jpg,mosaic_disease
2593364251.jpg,mosaic_disease
2593776626.jpg,bacterial_blight
2594433845.jpg,mosaic_disease
259514647.jpg,mosaic_disease
2595356168.jpg,brown_streak_disease
2596091150.jpg,mosaic_disease
2598282784.jpg,mosaic_disease
2601453932.jpg,healthy
2602035083.jpg,mosaic_disease
2602649407.jpg,mosaic_disease
2602727826.jpg,green_mottle
2603943138.jpg,mosaic_disease
2604878350.jpg,healthy
2607049365.jpg,mosaic_disease
2607295923.jpg,mosaic_disease
2607761744.jpg,healthy
2609143290.jpg,green_mottle
2609452359.jpg,mosaic_disease
2614256143.jpg,green_mottle
2616771269.jpg,healthy
2617970250.jpg,mosaic_disease
2618046687.jpg,mosaic_disease
2618467326.jpg,green_mottle
2620141958.jpg,mosaic_disease
2621080584.jpg,healthy
2621976990.jpg,mosaic_disease
2623834949.jpg,mosaic_disease
2624736649.jpg,mosaic_disease
2625055972.jpg,mosaic_disease
26253906.jpg,healthy
2626104728.jpg,mosaic_disease
2626502975.jpg,mosaic_disease
2628143794.jpg,brown_streak_disease
2629155801.jpg,green_mottle
2629547729.jpg,mosaic_disease
2629586169.jpg,mosaic_disease
2631650746.jpg,mosaic_disease
2631757503.jpg,mosaic_disease
2633999116.jpg,mosaic_disease
2635402791.jpg,mosaic_disease
2635668715.jpg,healthy
2636092978.jpg,brown_streak_disease
2636836103.jpg,mosaic_disease
2637371791.jpg,mosaic_disease
2638836659.jpg,brown_streak_disease
263932822.jpg,mosaic_disease
2640239935.jpg,mosaic_disease
2642232374.jpg,mosaic_disease
2642987699.jpg,mosaic_disease
2643209244.jpg,healthy
2643606706.jpg,mosaic_disease
2645376544.jpg,green_mottle
2646451765.jpg,mosaic_disease
2647003045.jpg,mosaic_disease
2647150813.jpg,mosaic_disease
2647952754.jpg,mosaic_disease
2651038691.jpg,healthy
2652514070.jpg,mosaic_disease
2653303226.jpg,mosaic_disease
2653650348.jpg,mosaic_disease
2653828415.jpg,bacterial_blight
2655340809.jpg,healthy
2655421163.jpg,mosaic_disease
2656330377.jpg,bacterial_blight
2656964450.jpg,mosaic_disease
26592350.jpg,brown_streak_disease
2664471376.jpg,mosaic_disease
2664968316.jpg,healthy
2665505446.jpg,mosaic_disease
2666373738.jpg,mosaic_disease
2666462236.jpg,brown_streak_disease
2667091366.jpg,mosaic_disease
2667674667.jpg,brown_streak_disease
2668130631.jpg,mosaic_disease
2670866885.jpg,brown_streak_disease
2670985369.jpg,mosaic_disease
2673511442.jpg,mosaic_disease
2675535837.jpg,mosaic_disease
267769333.jpg,mosaic_disease
26805266.jpg,mosaic_disease
2680534189.jpg,mosaic_disease
2680668340.jpg,mosaic_disease
2682408847.jpg,brown_streak_disease
2682687426.jpg,mosaic_disease
2682988710.jpg,green_mottle
2683256831.jpg,mosaic_disease
2684430050.jpg,green_mottle
2685143751.jpg,mosaic_disease
2687703797.jpg,mosaic_disease
2687752863.jpg,mosaic_disease
2689977524.jpg,mosaic_disease
2690070450.jpg,mosaic_disease
2690891696.jpg,mosaic_disease
2692453687.jpg,mosaic_disease
2693189055.jpg,mosaic_disease
2696688759.jpg,mosaic_disease
2698271190.jpg,healthy
2704528948.jpg,mosaic_disease
27047804.jpg,healthy
270924529.jpg,brown_streak_disease
27094452.jpg,bacterial_blight
2710475925.jpg,bacterial_blight
2715218500.jpg,green_mottle
2715921557.jpg,mosaic_disease
2716413618.jpg,green_mottle
2716489131.jpg,mosaic_disease
2717138442.jpg,bacterial_blight
2721767282.jpg,green_mottle
2722575699.jpg,mosaic_disease
2722971247.jpg,mosaic_disease
2723143870.jpg,mosaic_disease
2725135519.jpg,mosaic_disease
272565243.jpg,bacterial_blight
2729880246.jpg,mosaic_disease
2731309139.jpg,mosaic_disease
2731692092.jpg,brown_streak_disease
2733805167.jpg,mosaic_disease
2734892772.jpg,mosaic_disease
2735810641.jpg,mosaic_disease
2737290136.jpg,mosaic_disease
2740084860.jpg,bacterial_blight
2740410159.jpg,brown_streak_disease
2741103314.jpg,mosaic_disease
2741950720.jpg,mosaic_disease
2742350070.jpg,mosaic_disease
2744104425.jpg,mosaic_disease
2746592170.jpg,healthy
2747268092.jpg,mosaic_disease
274790043.jpg,brown_streak_disease
2748659636.jpg,mosaic_disease
2750125893.jpg,mosaic_disease
275310206.jpg,mosaic_disease
2753146306.jpg,mosaic_disease
2753309511.jpg,brown_streak_disease
2753540167.jpg,mosaic_disease
2753696681.jpg,mosaic_disease
275483010.jpg,green_mottle
2759452874.jpg,mosaic_disease
2759500008.jpg,mosaic_disease
276208116.jpg,mosaic_disease
2763229713.jpg,mosaic_disease
2763974750.jpg,green_mottle
2765544033.jpg,mosaic_disease
2766035533.jpg,mosaic_disease
2767496991.jpg,mosaic_disease
2771967726.jpg,mosaic_disease
2771999001.jpg,brown_streak_disease
2772805296.jpg,mosaic_disease
2773015311.jpg,brown_streak_disease
2773097788.jpg,healthy
277345208.jpg,mosaic_disease
2775876940.jpg,mosaic_disease
2776340594.jpg,mosaic_disease
2776491890.jpg,mosaic_disease
277811844.jpg,mosaic_disease
2779684221.jpg,mosaic_disease
2781593135.jpg,healthy
2785784013.jpg,healthy
2788672976.jpg,brown_streak_disease
2796388722.jpg,mosaic_disease
2796618652.jpg,mosaic_disease
2797119560.jpg,brown_streak_disease
2799970336.jpg,green_mottle
2800998571.jpg,mosaic_disease
280102380.jpg,mosaic_disease
2807412480.jpg,brown_streak_disease
2807877356.jpg,mosaic_disease
2808447158.jpg,mosaic_disease
2809660015.jpg,green_mottle
2813938477.jpg,bacterial_blight
2816088621.jpg,brown_streak_disease
2819697442.jpg,mosaic_disease
2819885255.jpg,bacterial_blight
2820350.jpg,brown_streak_disease
282134948.jpg,mosaic_disease
2822765524.jpg,mosaic_disease
2823249481.jpg,mosaic_disease
2830023895.jpg,healthy
2830260577.jpg,mosaic_disease
2830372241.jpg,mosaic_disease
2832723542.jpg,healthy
2834151142.jpg,brown_streak_disease
2835247353.jpg,mosaic_disease
2836107083.jpg,mosaic_disease
2837350283.jpg,mosaic_disease
2837753620.jpg,mosaic_disease
2838277856.jpg,mosaic_disease
2839558739.jpg,brown_streak_disease
2840412026.jpg,brown_streak_disease
284062479.jpg,mosaic_disease
2843368967.jpg,mosaic_disease
2844800744.jpg,mosaic_disease
2849214868.jpg,green_mottle
2849258788.jpg,brown_streak_disease
2849259424.jpg,brown_streak_disease
285161140.jpg,mosaic_disease
2853169538.jpg,mosaic_disease
285510600.jpg,healthy
2855318421.jpg,mosaic_disease
2856324401.jpg,mosaic_disease
2857145632.jpg,green_mottle
2858396640.jpg,bacterial_blight
2858707596.jpg,mosaic_disease
2858810881.jpg,mosaic_disease
2859411048.jpg,brown_streak_disease
2860693015.jpg,mosaic_disease
2862778126.jpg,brown_streak_disease
2864427141.jpg,healthy
2864463942.jpg,mosaic_disease
2868204767.jpg,healthy
2871435111.jpg,green_mottle
287239456.jpg,mosaic_disease
2872555375.jpg,mosaic_disease
2873516336.jpg,healthy
2876258048.jpg,brown_streak_disease
2877279154.jpg,mosaic_disease
2877613558.jpg,mosaic_disease
288071387.jpg,green_mottle
2881938296.jpg,mosaic_disease
2882347147.jpg,brown_streak_disease
2883197324.jpg,healthy
2883262414.jpg,green_mottle
2885109951.jpg,mosaic_disease
2885347871.jpg,green_mottle
2887362636.jpg,mosaic_disease
2887524398.jpg,mosaic_disease
2888561095.jpg,mosaic_disease
2890968781.jpg,mosaic_disease
2892098824.jpg,mosaic_disease
2892238301.jpg,mosaic_disease
2892512782.jpg,mosaic_disease
2896421172.jpg,healthy
2899479239.jpg,mosaic_disease
2899766947.jpg,mosaic_disease
2900358296.jpg,healthy
2900867237.jpg,mosaic_disease
2901223259.jpg,brown_streak_disease
2904271426.jpg,mosaic_disease
2907433779.jpg,brown_streak_disease
2908034482.jpg,green_mottle
291053926.jpg,mosaic_disease
291224369.jpg,mosaic_disease
29130164.jpg,mosaic_disease
2913981436.jpg,brown_streak_disease
2915309072.jpg,mosaic_disease
2917202983.jpg,mosaic_disease
2917486619.jpg,mosaic_disease
2919728827.jpg,mosaic_disease
292179088.jpg,mosaic_disease
2922966449.jpg,brown_streak_disease
292549170.jpg,mosaic_disease
2925813866.jpg,mosaic_disease
292613354.jpg,mosaic_disease
2926455089.jpg,green_mottle
2927204876.jpg,mosaic_disease
2927616574.jpg,mosaic_disease
2927894622.jpg,healthy
2928220238.jpg,brown_streak_disease
292918886.jpg,mosaic_disease
2929693289.jpg,green_mottle
2932008073.jpg,brown_streak_disease
2932210794.jpg,healthy
2933422175.jpg,brown_streak_disease
2933959901.jpg,mosaic_disease
2934640241.jpg,healthy
2935393677.jpg,mosaic_disease
2935458232.jpg,mosaic_disease
293696347.jpg,mosaic_disease
2937341797.jpg,mosaic_disease
2937855140.jpg,mosaic_disease
2938132389.jpg,mosaic_disease
2940268858.jpg,mosaic_disease
2941008818.jpg,mosaic_disease
2944161091.jpg,bacterial_blight
2944944834.jpg,brown_streak_disease
2945240485.jpg,mosaic_disease
2945652044.jpg,bacterial_blight
294665447.jpg,brown_streak_disease
2947092934.jpg,brown_streak_disease
2948657860.jpg,mosaic_disease
2949633440.jpg,mosaic_disease
2951492916.jpg,mosaic_disease
2953084607.jpg,mosaic_disease
2953110907.jpg,bacterial_blight
2953610226.jpg,brown_streak_disease
29559503.jpg,brown_streak_disease
2956260533.jpg,mosaic_disease
2962787135.jpg,mosaic_disease
296398112.jpg,mosaic_disease
2963992866.jpg,mosaic_disease
2964319583.jpg,mosaic_disease
2967206024.jpg,green_mottle
2967863031.jpg,mosaic_disease
2969200705.jpg,bacterial_blight
2970264073.jpg,healthy
2977542209.jpg,mosaic_disease
2979725349.jpg,mosaic_disease
298056095.jpg,bacterial_blight
2980893698.jpg,brown_streak_disease
298252775.jpg,brown_streak_disease
2983830211.jpg,mosaic_disease
2983898856.jpg,mosaic_disease
298424266.jpg,mosaic_disease
2985263971.jpg,mosaic_disease
2989060888.jpg,bacterial_blight
2989643303.jpg,bacterial_blight
299296810.jpg,mosaic_disease
2993551637.jpg,mosaic_disease
2993583525.jpg,bacterial_blight
2995416901.jpg,healthy
2995689898.jpg,mosaic_disease
2997262447.jpg,mosaic_disease
2997295640.jpg,mosaic_disease
2997743551.jpg,healthy
3000893004.jpg,mosaic_disease
3001382345.jpg,brown_streak_disease
300185548.jpg,mosaic_disease
3005355471.jpg,mosaic_disease
3006499770.jpg,brown_streak_disease
3008069732.jpg,mosaic_disease
3009647475.jpg,brown_streak_disease
3013885002.jpg,mosaic_disease
3014758416.jpg,mosaic_disease
3014951191.jpg,mosaic_disease
3017169420.jpg,mosaic_disease
3017918878.jpg,mosaic_disease
3018222933.jpg,mosaic_disease
3019986672.jpg,mosaic_disease
3020362387.jpg,brown_streak_disease
3020460837.jpg,brown_streak_disease
302050048.jpg,mosaic_disease
302115319.jpg,healthy
30215524.jpg,mosaic_disease
3022329873.jpg,green_mottle
3022337655.jpg,mosaic_disease
3024619952.jpg,mosaic_disease
3025763927.jpg,mosaic_disease
3026311558.jpg,mosaic_disease
3027608054.jpg,healthy
3028978294.jpg,mosaic_disease
303153815.jpg,brown_streak_disease
3033387062.jpg,mosaic_disease
3034143541.jpg,mosaic_disease
3034455648.jpg,mosaic_disease
3038956872.jpg,brown_streak_disease
3039675754.jpg,healthy
3040337109.jpg,bacterial_blight
3043097813.jpg,brown_streak_disease
3044190781.jpg,brown_streak_disease
3044677012.jpg,healthy
3049440979.jpg,mosaic_disease
3050144007.jpg,mosaic_disease
3051263035.jpg,bacterial_blight
3053608144.jpg,mosaic_disease
3055297068.jpg,mosaic_disease
3055614106.jpg,brown_streak_disease
3058026608.jpg,mosaic_disease
306210288.jpg,mosaic_disease
3063643344.jpg,green_mottle
3063789590.jpg,brown_streak_disease
3064281169.jpg,mosaic_disease
3066303912.jpg,mosaic_disease
307116841.jpg,healthy
307220066.jpg,mosaic_disease
3072539565.jpg,mosaic_disease
3072970337.jpg,mosaic_disease
3073993044.jpg,green_mottle
3075634197.jpg,green_mottle
3076104681.jpg,mosaic_disease
3077983648.jpg,mosaic_disease
3080481359.jpg,mosaic_disease
3080597260.jpg,mosaic_disease
3081150280.jpg,mosaic_disease
3082130053.jpg,healthy
3082518263.jpg,mosaic_disease
30831420.jpg,brown_streak_disease
3083765507.jpg,mosaic_disease
3085864631.jpg,mosaic_disease
3088621387.jpg,mosaic_disease
3090978952.jpg,green_mottle
3092394868.jpg,mosaic_disease
3093539218.jpg,mosaic_disease
3095245950.jpg,mosaic_disease
309770787.jpg,mosaic_disease
3099115140.jpg,mosaic_disease
3099476363.jpg,mosaic_disease
3100860826.jpg,mosaic_disease
3101645005.jpg,mosaic_disease
3101989579.jpg,mosaic_disease
3103401623.jpg,mosaic_disease
3104048634.jpg,mosaic_disease
3104971785.jpg,mosaic_disease
3106354141.jpg,green_mottle
3107856880.jpg,bacterial_blight
3109752948.jpg,mosaic_disease
3110425055.jpg,mosaic_disease
3110572972.jpg,mosaic_disease
3112183451.jpg,mosaic_disease
3113752030.jpg,mosaic_disease
3113843091.jpg,healthy
3114646654.jpg,mosaic_disease
3116602626.jpg,healthy
3118120871.jpg,mosaic_disease
3118623824.jpg,mosaic_disease
3119298404.jpg,mosaic_disease
3125050696.jpg,mosaic_disease
3128703922.jpg,mosaic_disease
3128965245.jpg,green_mottle
3129393327.jpg,brown_streak_disease
3133224785.jpg,mosaic_disease
3133376122.jpg,mosaic_disease
3136225085.jpg,mosaic_disease
3141772785.jpg,mosaic_disease
3142222157.jpg,brown_streak_disease
3142477676.jpg,healthy
3144413913.jpg,mosaic_disease
314640668.jpg,brown_streak_disease
3149092029.jpg,brown_streak_disease
3151081789.jpg,mosaic_disease
3151692315.jpg,brown_streak_disease
3151955638.jpg,green_mottle
3152144684.jpg,mosaic_disease
3152356017.jpg,mosaic_disease
3153002047.jpg,mosaic_disease
3153576807.jpg,mosaic_disease
3153719704.jpg,mosaic_disease
3154183706.jpg,mosaic_disease
3156249894.jpg,mosaic_disease
3158939285.jpg,mosaic_disease
3159607599.jpg,mosaic_disease
3160964625.jpg,green_mottle
3162418489.jpg,brown_streak_disease
3163179482.jpg,mosaic_disease
3164836946.jpg,brown_streak_disease
3165951820.jpg,mosaic_disease
3167189291.jpg,brown_streak_disease
3168618201.jpg,mosaic_disease
3169537605.jpg,mosaic_disease
316988889.jpg,healthy
3170246612.jpg,mosaic_disease
3171186747.jpg,mosaic_disease
3171283572.jpg,healthy
3171471094.jpg,brown_streak_disease
3174117407.jpg,green_mottle
3175825671.jpg,mosaic_disease
3176028684.jpg,mosaic_disease
3176098048.jpg,mosaic_disease
3178152218.jpg,mosaic_disease
3178427125.jpg,brown_streak_disease
3180664408.jpg,mosaic_disease
3181600056.jpg,green_mottle
3183645575.jpg,brown_streak_disease
3184864595.jpg,mosaic_disease
3186714136.jpg,bacterial_blight
3187086613.jpg,mosaic_disease
3187229916.jpg,mosaic_disease
3187532677.jpg,mosaic_disease
3188097509.jpg,green_mottle
3191507930.jpg,mosaic_disease
3192745866.jpg,mosaic_disease
3192892221.jpg,mosaic_disease
3192927904.jpg,green_mottle
3192966266.jpg,mosaic_disease
3195057988.jpg,bacterial_blight
3195265053.jpg,green_mottle
3196839385.jpg,brown_streak_disease
3197241029.jpg,mosaic_disease
319927039.jpg,bacterial_blight
3199643560.jpg,brown_streak_disease
3208046657.jpg,mosaic_disease
3208851813.jpg,mosaic_disease
3211354842.jpg,mosaic_disease
3211443011.jpg,brown_streak_disease
3211907814.jpg,healthy
3212523761.jpg,mosaic_disease
3213974381.jpg,mosaic_disease
3216015057.jpg,mosaic_disease
3218166132.jpg,mosaic_disease
3218913875.jpg,mosaic_disease
3219439906.jpg,bacterial_blight
3221582204.jpg,mosaic_disease
3223104982.jpg,brown_streak_disease
3223647607.jpg,mosaic_disease
3224993306.jpg,mosaic_disease
3225863041.jpg,mosaic_disease
3226707943.jpg,mosaic_disease
3227667303.jpg,green_mottle
3228187345.jpg,green_mottle
3228683879.jpg,brown_streak_disease
3229676096.jpg,mosaic_disease
3230113512.jpg,mosaic_disease
3231064987.jpg,mosaic_disease
3234915269.jpg,bacterial_blight
3237097482.jpg,mosaic_disease
3237441683.jpg,mosaic_disease
3238638493.jpg,brown_streak_disease
3238704279.jpg,mosaic_disease
3239491345.jpg,mosaic_disease
3239751469.jpg,mosaic_disease
324027470.jpg,mosaic_disease
3240436783.jpg,bacterial_blight
3240471476.jpg,healthy
3240696459.jpg,mosaic_disease
3242129784.jpg,mosaic_disease
3243392252.jpg,healthy
3244391551.jpg,mosaic_disease
3244462441.jpg,mosaic_disease
3245080798.jpg,green_mottle
3245552311.jpg,brown_streak_disease
3246462405.jpg,mosaic_disease
3247553763.jpg,healthy
3247597074.jpg,green_mottle
3247645012.jpg,brown_streak_disease
3250010085.jpg,healthy
3250253495.jpg,mosaic_disease
3251222806.jpg,healthy
3251863915.jpg,mosaic_disease
3253672185.jpg,mosaic_disease
3255013873.jpg,brown_streak_disease
3255212212.jpg,mosaic_disease
3256294649.jpg,mosaic_disease
3257324402.jpg,mosaic_disease
3257812988.jpg,mosaic_disease
3257832958.jpg,mosaic_disease
3258706928.jpg,healthy
3258755653.jpg,mosaic_disease
3259441892.jpg,mosaic_disease
3259817213.jpg,healthy
3260026666.jpg,mosaic_disease
3260589642.jpg,brown_streak_disease
3260907115.jpg,mosaic_disease
3261671867.jpg,brown_streak_disease
3261726496.jpg,mosaic_disease
3266655570.jpg,bacterial_blight
3267005916.jpg,mosaic_disease
3267041557.jpg,brown_streak_disease
3267434230.jpg,green_mottle
3267685049.jpg,green_mottle
3268898958.jpg,green_mottle
3269415052.jpg,mosaic_disease
3269539876.jpg,brown_streak_disease
3271089723.jpg,green_mottle
3271797853.jpg,brown_streak_disease
3276323574.jpg,brown_streak_disease
3276579390.jpg,green_mottle
3277846362.jpg,green_mottle
3278774878.jpg,mosaic_disease
3279234620.jpg,healthy
3283270801.jpg,healthy
328383026.jpg,mosaic_disease
3283953318.jpg,mosaic_disease
3289230042.jpg,mosaic_disease
3289998998.jpg,mosaic_disease
3291696815.jpg,healthy
3292800291.jpg,mosaic_disease
3293029468.jpg,mosaic_disease
3293593485.jpg,bacterial_blight
3294105738.jpg,mosaic_disease
329471118.jpg,brown_streak_disease
3294864038.jpg,healthy
3295243647.jpg,healthy
3296590724.jpg,mosaic_disease
3299026258.jpg,mosaic_disease
329996274.jpg,healthy
3300470808.jpg,healthy
3300973155.jpg,mosaic_disease
3301808128.jpg,mosaic_disease
3303165486.jpg,mosaic_disease
3304481536.jpg,mosaic_disease
3305232077.jpg,brown_streak_disease
3306053383.jpg,mosaic_disease
3307190669.jpg,mosaic_disease
3307432740.jpg,brown_streak_disease
3309495553.jpg,mosaic_disease
3311389928.jpg,green_mottle
3312370190.jpg,mosaic_disease
3313811273.jpg,green_mottle
3314217997.jpg,mosaic_disease
3316115656.jpg,mosaic_disease
3318291016.jpg,mosaic_disease
3318782289.jpg,brown_streak_disease
3319344936.jpg,mosaic_disease
3327243247.jpg,mosaic_disease
3330498442.jpg,green_mottle
3333295936.jpg,mosaic_disease
33354579.jpg,brown_streak_disease
3336158925.jpg,mosaic_disease
3338201201.jpg,mosaic_disease
3338591847.jpg,mosaic_disease
3341713020.jpg,green_mottle
3343661138.jpg,green_mottle
3343975940.jpg,healthy
3345325515.jpg,mosaic_disease
3345498406.jpg,mosaic_disease
3345615928.jpg,healthy
3347247220.jpg,green_mottle
3347371792.jpg,mosaic_disease
334748709.jpg,mosaic_disease
334971941.jpg,mosaic_disease
3350533771.jpg,healthy
3354273498.jpg,mosaic_disease
3356619304.jpg,mosaic_disease
335771441.jpg,healthy
3358566810.jpg,brown_streak_disease
3358660933.jpg,mosaic_disease
336066168.jpg,mosaic_disease
3361062779.jpg,mosaic_disease
3361317754.jpg,bacterial_blight
3362401438.jpg,mosaic_disease
336319648.jpg,healthy
336414125.jpg,mosaic_disease
3365043679.jpg,mosaic_disease
3365094524.jpg,mosaic_disease
336544470.jpg,mosaic_disease
3365603380.jpg,mosaic_disease
3366388775.jpg,brown_streak_disease
3367580056.jpg,mosaic_disease
3368457880.jpg,green_mottle
3368595399.jpg,bacterial_blight
3368939733.jpg,mosaic_disease
3369247230.jpg,mosaic_disease
3370579462.jpg,green_mottle
3371952476.jpg,mosaic_disease
3375224217.jpg,mosaic_disease
3376270553.jpg,mosaic_disease
3376905285.jpg,mosaic_disease
3381014274.jpg,mosaic_disease
3384095978.jpg,mosaic_disease
3384250377.jpg,mosaic_disease
3385811418.jpg,healthy
3386258598.jpg,mosaic_disease
3386572570.jpg,healthy
3386959846.jpg,mosaic_disease
338729354.jpg,brown_streak_disease
3387497035.jpg,mosaic_disease
3388237026.jpg,healthy
338838513.jpg,mosaic_disease
3390516449.jpg,green_mottle
3391958379.jpg,brown_streak_disease
3392953344.jpg,mosaic_disease
3393956189.jpg,healthy
3394985928.jpg,bacterial_blight
3395212339.jpg,mosaic_disease
3395914437.jpg,mosaic_disease
3396595680.jpg,mosaic_disease
3397650599.jpg,brown_streak_disease
3400236325.jpg,mosaic_disease
3400761486.jpg,mosaic_disease
3401150171.jpg,mosaic_disease
3401409874.jpg,green_mottle
3401928000.jpg,brown_streak_disease
3402470233.jpg,mosaic_disease
3403529762.jpg,green_mottle
3403536238.jpg,green_mottle
3410668826.jpg,healthy
3412345556.jpg,mosaic_disease
3412651605.jpg,mosaic_disease
3412879833.jpg,mosaic_disease
3413647138.jpg,mosaic_disease
3415144054.jpg,mosaic_disease
3419507688.jpg,mosaic_disease
3426035333.jpg,brown_streak_disease
3426576546.jpg,green_mottle
3427279599.jpg,brown_streak_disease
3427476782.jpg,brown_streak_disease
3427992979.jpg,mosaic_disease
3432358469.jpg,mosaic_disease
3433962885.jpg,mosaic_disease
3435254116.jpg,mosaic_disease
3438550828.jpg,mosaic_disease
3440654667.jpg,mosaic_disease
344288315.jpg,green_mottle
3444347549.jpg,mosaic_disease
344993238.jpg,brown_streak_disease
3451141305.jpg,healthy
3451817748.jpg,bacterial_blight
3452699248.jpg,mosaic_disease
3452736649.jpg,green_mottle
3453138674.jpg,mosaic_disease
3453324178.jpg,mosaic_disease
345359010.jpg,bacterial_blight
3453811343.jpg,mosaic_disease
3454772304.jpg,healthy
3457037921.jpg,mosaic_disease
3457349388.jpg,green_mottle
3457432982.jpg,bacterial_blight
3457494065.jpg,green_mottle
3460883505.jpg,green_mottle
3461250443.jpg,mosaic_disease
3461945356.jpg,mosaic_disease
3462467027.jpg,mosaic_disease
346537461.jpg,mosaic_disease
3465867956.jpg,brown_streak_disease
3467403043.jpg,green_mottle
3468150881.jpg,mosaic_disease
3468269081.jpg,mosaic_disease
3468802020.jpg,mosaic_disease
3470374968.jpg,bacterial_blight
3470984818.jpg,mosaic_disease
3471618012.jpg,green_mottle
3474078431.jpg,mosaic_disease
3475478548.jpg,mosaic_disease
3475815024.jpg,mosaic_disease
3477094015.jpg,brown_streak_disease
3480744448.jpg,mosaic_disease
3481424043.jpg,mosaic_disease
3481763546.jpg,mosaic_disease
3483344406.jpg,bacterial_blight
3485831468.jpg,green_mottle
3485931790.jpg,mosaic_disease
3485950795.jpg,bacterial_blight
3486341851.jpg,brown_streak_disease
3491804538.jpg,mosaic_disease
3491811228.jpg,mosaic_disease
3492114933.jpg,green_mottle
3492280117.jpg,healthy
3494510902.jpg,mosaic_disease
349583210.jpg,healthy
3499032065.jpg,mosaic_disease
3502946321.jpg,brown_streak_disease
3503733848.jpg,mosaic_disease
350584113.jpg,healthy
3506109237.jpg,mosaic_disease
3506364620.jpg,brown_streak_disease
3506387687.jpg,mosaic_disease
3508055707.jpg,brown_streak_disease
3509493147.jpg,brown_streak_disease
3511420562.jpg,mosaic_disease
351189555.jpg,mosaic_disease
3513031039.jpg,mosaic_disease
3513809597.jpg,mosaic_disease
3514103579.jpg,mosaic_disease
3515249327.jpg,mosaic_disease
3516111318.jpg,mosaic_disease
3516413675.jpg,bacterial_blight
3518898572.jpg,mosaic_disease
3518916516.jpg,mosaic_disease
3519335178.jpg,mosaic_disease
3521908689.jpg,mosaic_disease
3523309825.jpg,green_mottle
3523883527.jpg,mosaic_disease
3524416743.jpg,mosaic_disease
3525137356.jpg,mosaic_disease
352708690.jpg,mosaic_disease
3527165610.jpg,brown_streak_disease
3527770435.jpg,mosaic_disease
3529087945.jpg,healthy
3530097754.jpg,brown_streak_disease
3533090711.jpg,mosaic_disease
3535078664.jpg,brown_streak_disease
3535670903.jpg,mosaic_disease
3538224667.jpg,mosaic_disease
3540803278.jpg,bacterial_blight
3542276259.jpg,mosaic_disease
3542289007.jpg,brown_streak_disease
3542602589.jpg,mosaic_disease
3542768898.jpg,mosaic_disease
3543872440.jpg,mosaic_disease
3544289270.jpg,mosaic_disease
3546777867.jpg,green_mottle
3547149808.jpg,mosaic_disease
3548679387.jpg,mosaic_disease
3552533630.jpg,mosaic_disease
3553878956.jpg,green_mottle
355442728.jpg,mosaic_disease
3554706720.jpg,brown_streak_disease
3554938501.jpg,green_mottle
3555472303.jpg,mosaic_disease
3556554979.jpg,green_mottle
3558474952.jpg,mosaic_disease
3559842969.jpg,healthy
3559981218.jpg,mosaic_disease
3561890099.jpg,mosaic_disease
3562291336.jpg,healthy
3563392216.jpg,bacterial_blight
356379628.jpg,green_mottle
3564085262.jpg,mosaic_disease
3565140358.jpg,mosaic_disease
3570121717.jpg,mosaic_disease
3570937947.jpg,mosaic_disease
3571158038.jpg,green_mottle
3574308503.jpg,healthy
3575454686.jpg,healthy
3575673908.jpg,healthy
357823942.jpg,mosaic_disease
3578241644.jpg,mosaic_disease
3578719931.jpg,bacterial_blight
3578870027.jpg,mosaic_disease
3579477391.jpg,mosaic_disease
3583970190.jpg,brown_streak_disease
3585984436.jpg,bacterial_blight
3586284239.jpg,mosaic_disease
3587386761.jpg,green_mottle
3588105586.jpg,mosaic_disease
3588363246.jpg,healthy
3591344011.jpg,mosaic_disease
3593281807.jpg,mosaic_disease
3594347232.jpg,healthy
3594707809.jpg,mosaic_disease
3597180880.jpg,mosaic_disease
3597631740.jpg,mosaic_disease
3597887012.jpg,mosaic_disease
3598862913.jpg,mosaic_disease
3600939032.jpg,brown_streak_disease
3601095535.jpg,mosaic_disease
3602570969.jpg,mosaic_disease
3602819316.jpg,mosaic_disease
3606660804.jpg,mosaic_disease
360723691.jpg,mosaic_disease
3608578044.jpg,mosaic_disease
3609442058.jpg,mosaic_disease
3610667873.jpg,mosaic_disease
3611460254.jpg,healthy
3611848629.jpg,healthy
3613374145.jpg,mosaic_disease
3614486203.jpg,mosaic_disease
3615279906.jpg,mosaic_disease
3616773582.jpg,green_mottle
361789228.jpg,mosaic_disease
3619611335.jpg,healthy
3620010252.jpg,healthy
3620445770.jpg,mosaic_disease
362190021.jpg,mosaic_disease
3624802208.jpg,mosaic_disease
3625017880.jpg,mosaic_disease
3626179883.jpg,mosaic_disease
3626187971.jpg,green_mottle
3630015138.jpg,bacterial_blight
3630227153.jpg,mosaic_disease
3630255820.jpg,mosaic_disease
3633380986.jpg,mosaic_disease
3634180437.jpg,healthy
3634822711.jpg,mosaic_disease
3635783291.jpg,mosaic_disease
3637527280.jpg,bacterial_blight
3643480526.jpg,bacterial_blight
3643755636.jpg,mosaic_disease
364424510.jpg,mosaic_disease
3644380116.jpg,mosaic_disease
3645775098.jpg,healthy
3645813895.jpg,mosaic_disease
3646738568.jpg,green_mottle
3646752638.jpg,mosaic_disease
3647124621.jpg,green_mottle
365063197.jpg,mosaic_disease
3655257116.jpg,green_mottle
3655347834.jpg,mosaic_disease
3655511142.jpg,green_mottle
3655868207.jpg,mosaic_disease
3656044201.jpg,mosaic_disease
3656310012.jpg,mosaic_disease
3656998236.jpg,brown_streak_disease
3660194933.jpg,mosaic_disease
3660495903.jpg,mosaic_disease
3660503479.jpg,mosaic_disease
3662018109.jpg,healthy
3662625055.jpg,mosaic_disease
3665306245.jpg,healthy
3665766829.jpg,mosaic_disease
3667237103.jpg,mosaic_disease
3667619405.jpg,healthy
3668890746.jpg,green_mottle
3670288988.jpg,mosaic_disease
3672364441.jpg,mosaic_disease
3675527864.jpg,mosaic_disease
3677912635.jpg,healthy
3680354956.jpg,mosaic_disease
3682980457.jpg,healthy
3683714600.jpg,green_mottle
3684580496.jpg,green_mottle
3686939079.jpg,mosaic_disease
3687403120.jpg,green_mottle
3687481214.jpg,mosaic_disease
3687520197.jpg,healthy
3687557580.jpg,healthy
3689465564.jpg,mosaic_disease
3692346350.jpg,mosaic_disease
3694251978.jpg,brown_streak_disease
3695666030.jpg,healthy
3697315680.jpg,mosaic_disease
3699866059.jpg,mosaic_disease
3700407204.jpg,mosaic_disease
3701789990.jpg,mosaic_disease
3702701044.jpg,mosaic_disease
3703003342.jpg,bacterial_blight
3704493951.jpg,mosaic_disease
3708475076.jpg,healthy
37085998.jpg,mosaic_disease
370864639.jpg,mosaic_disease
370886609.jpg,bacterial_blight
3709090088.jpg,brown_streak_disease
3709699332.jpg,mosaic_disease
370989494.jpg,mosaic_disease
3715871015.jpg,green_mottle
3716234980.jpg,mosaic_disease
3718305933.jpg,mosaic_disease
371833279.jpg,mosaic_disease
3718836957.jpg,mosaic_disease
3718912418.jpg,mosaic_disease
3719137724.jpg,mosaic_disease
3719586023.jpg,mosaic_disease
3723972821.jpg,mosaic_disease
3728202577.jpg,brown_streak_disease
3728848474.jpg,mosaic_disease
3731008076.jpg,healthy
373389005.jpg,bacterial_blight
3734888784.jpg,green_mottle
3735226910.jpg,mosaic_disease
3736449337.jpg,brown_streak_disease
3736482061.jpg,mosaic_disease
3737165022.jpg,brown_streak_disease
3737858095.jpg,mosaic_disease
3738494351.jpg,brown_streak_disease
3740210587.jpg,mosaic_disease
3740700061.jpg,mosaic_disease
3743063654.jpg,mosaic_disease
3743195625.jpg,mosaic_disease
3743673281.jpg,mosaic_disease
3745339060.jpg,mosaic_disease
3750485259.jpg,mosaic_disease
3750531615.jpg,green_mottle
3750946119.jpg,mosaic_disease
375108909.jpg,brown_streak_disease
3752024211.jpg,healthy
3754488371.jpg,mosaic_disease
3755456249.jpg,mosaic_disease
3755850035.jpg,mosaic_disease
3755967139.jpg,healthy
3758359822.jpg,mosaic_disease
3760651169.jpg,mosaic_disease
3762101778.jpg,mosaic_disease
3762341470.jpg,mosaic_disease
3763125512.jpg,mosaic_disease
376449417.jpg,mosaic_disease
376495899.jpg,mosaic_disease
3766986363.jpg,mosaic_disease
3767372651.jpg,healthy
3767375469.jpg,brown_streak_disease
3769300962.jpg,bacterial_blight
376932028.jpg,healthy
3770308231.jpg,brown_streak_disease
3770952591.jpg,brown_streak_disease
3771504977.jpg,mosaic_disease
3772776774.jpg,mosaic_disease
3773164943.jpg,healthy
3773184372.jpg,healthy
3774493586.jpg,mosaic_disease
3774809995.jpg,mosaic_disease
3779096121.jpg,mosaic_disease
378108717.jpg,mosaic_disease
378894822.jpg,brown_streak_disease
3792140986.jpg,mosaic_disease
3793330900.jpg,bacterial_blight
3793671937.jpg,mosaic_disease
3794499013.jpg,mosaic_disease
3795252251.jpg,mosaic_disease
379627215.jpg,mosaic_disease
3797289739.jpg,brown_streak_disease
3799687072.jpg,mosaic_disease
3800028744.jpg,mosaic_disease
3801426852.jpg,mosaic_disease
3803192051.jpg,mosaic_disease
3803904228.jpg,brown_streak_disease
3804799770.jpg,mosaic_disease
3806166801.jpg,mosaic_disease
3806360308.jpg,mosaic_disease
3807708050.jpg,mosaic_disease
3809350944.jpg,mosaic_disease
3809986981.jpg,mosaic_disease
381038531.jpg,mosaic_disease
3815120957.jpg,green_mottle
3815703262.jpg,mosaic_disease
3819024840.jpg,mosaic_disease
3821014554.jpg,mosaic_disease
3821467365.jpg,mosaic_disease
3821632962.jpg,mosaic_disease
3824226603.jpg,mosaic_disease
3826113040.jpg,brown_streak_disease
3828356079.jpg,healthy
3830176514.jpg,green_mottle
3833349143.jpg,brown_streak_disease
3835489971.jpg,mosaic_disease
3838519719.jpg,brown_streak_disease
3840399556.jpg,brown_streak_disease
3841961758.jpg,brown_streak_disease
384390206.jpg,healthy
3844847869.jpg,brown_streak_disease
3845401101.jpg,mosaic_disease
3845482298.jpg,mosaic_disease
3847675023.jpg,healthy
3850871951.jpg,brown_streak_disease
3850927712.jpg,mosaic_disease
3851259457.jpg,mosaic_disease
3851642042.jpg,mosaic_disease
3852080973.jpg,mosaic_disease
3852514218.jpg,mosaic_disease
3853081007.jpg,mosaic_disease
3853544751.jpg,mosaic_disease
3854979839.jpg,mosaic_disease
3855126741.jpg,mosaic_disease
3855509491.jpg,mosaic_disease
385687647.jpg,mosaic_disease
3856973359.jpg,brown_streak_disease
3858530439.jpg,green_mottle
386292765.jpg,mosaic_disease
3863389449.jpg,mosaic_disease
3863749717.jpg,green_mottle
38648135.jpg,brown_streak_disease
3866571802.jpg,healthy
3868810256.jpg,mosaic_disease
3871053042.jpg,mosaic_disease
3871591664.jpg,green_mottle
3872624797.jpg,mosaic_disease
387432753.jpg,brown_streak_disease
3876777651.jpg,mosaic_disease
3878867821.jpg,mosaic_disease
3880085819.jpg,green_mottle
3884199625.jpg,green_mottle
3885318661.jpg,mosaic_disease
3885533035.jpg,mosaic_disease
3886831141.jpg,bacterial_blight
3887762313.jpg,healthy
3889376143.jpg,bacterial_blight
3889601162.jpg,mosaic_disease
3892133252.jpg,green_mottle
389266721.jpg,mosaic_disease
3893240286.jpg,mosaic_disease
3893486211.jpg,brown_streak_disease
3895696806.jpg,bacterial_blight
3895832332.jpg,mosaic_disease
3898690121.jpg,mosaic_disease
3903622847.jpg,healthy
390391500.jpg,mosaic_disease
3904023913.jpg,green_mottle
3904457207.jpg,brown_streak_disease
3904937505.jpg,mosaic_disease
3907844004.jpg,mosaic_disease
3909196241.jpg,mosaic_disease
3910075821.jpg,mosaic_disease
3911343198.jpg,healthy
3914596588.jpg,mosaic_disease
3916273768.jpg,mosaic_disease
3917412702.jpg,mosaic_disease
391785248.jpg,green_mottle
3917910837.jpg,mosaic_disease
3919714704.jpg,mosaic_disease
392227472.jpg,mosaic_disease
3922831035.jpg,mosaic_disease
3923826368.jpg,mosaic_disease
3924101300.jpg,healthy
3924602971.jpg,brown_streak_disease
392503327.jpg,brown_streak_disease
3925869140.jpg,green_mottle
3926325186.jpg,mosaic_disease
3927113290.jpg,brown_streak_disease
39272616.jpg,mosaic_disease
3928691677.jpg,mosaic_disease
3928789907.jpg,mosaic_disease
3928883065.jpg,brown_streak_disease
3929583160.jpg,mosaic_disease
3931679914.jpg,healthy
3933504809.jpg,mosaic_disease
3934961843.jpg,green_mottle
3936500329.jpg,brown_streak_disease
3936921182.jpg,mosaic_disease
3937688223.jpg,mosaic_disease
3937938312.jpg,mosaic_disease
3937945582.jpg,mosaic_disease
3938319761.jpg,mosaic_disease
3938379090.jpg,brown_streak_disease
3942244753.jpg,mosaic_disease
3942751753.jpg,mosaic_disease
3943522755.jpg,brown_streak_disease
3943561063.jpg,mosaic_disease
3944854455.jpg,mosaic_disease
3946275432.jpg,mosaic_disease
394700634.jpg,mosaic_disease
3947021884.jpg,mosaic_disease
3948333262.jpg,mosaic_disease
394906774.jpg,mosaic_disease
3949530220.jpg,mosaic_disease
3949979223.jpg,mosaic_disease
3950261672.jpg,healthy
3951364046.jpg,mosaic_disease
3951384519.jpg,mosaic_disease
3952426045.jpg,bacterial_blight
3952532444.jpg,green_mottle
3953140534.jpg,mosaic_disease
3953247024.jpg,mosaic_disease
3953530273.jpg,mosaic_disease
3954180556.jpg,mosaic_disease
3954399974.jpg,healthy
3956778160.jpg,brown_streak_disease
3958986545.jpg,mosaic_disease
396152951.jpg,mosaic_disease
3961645455.jpg,mosaic_disease
3962424026.jpg,mosaic_disease
3963163426.jpg,healthy
3963194620.jpg,mosaic_disease
3963421928.jpg,mosaic_disease
3965161877.jpg,mosaic_disease
3966256467.jpg,bacterial_blight
3966618744.jpg,brown_streak_disease
3967002927.jpg,mosaic_disease
3969288877.jpg,green_mottle
3973042447.jpg,mosaic_disease
3973350310.jpg,mosaic_disease
397477697.jpg,green_mottle
3976294368.jpg,green_mottle
3977934674.jpg,green_mottle
3980236832.jpg,mosaic_disease
3981449307.jpg,mosaic_disease
3983156415.jpg,healthy
3983257977.jpg,mosaic_disease
3985539982.jpg,bacterial_blight
3986774650.jpg,bacterial_blight
3988625744.jpg,mosaic_disease
3988748153.jpg,mosaic_disease
3988908835.jpg,healthy
3989567826.jpg,brown_streak_disease
3992156989.jpg,healthy
3993385288.jpg,mosaic_disease
3993445930.jpg,brown_streak_disease
3994140306.jpg,mosaic_disease
3995459350.jpg,mosaic_disease
3995611090.jpg,mosaic_disease
3995652879.jpg,mosaic_disease
3998061368.jpg,mosaic_disease
3998876448.jpg,mosaic_disease
3999057498.jpg,mosaic_disease
3999919472.jpg,mosaic_disease
4003743131.jpg,mosaic_disease
400659016.jpg,mosaic_disease
4007496530.jpg,mosaic_disease
4007863717.jpg,mosaic_disease
4010033110.jpg,bacterial_blight
401014506.jpg,mosaic_disease
4011584654.jpg,mosaic_disease
4011808410.jpg,mosaic_disease
4011855023.jpg,green_mottle
4012991652.jpg,mosaic_disease
4013610919.jpg,healthy
4014877464.jpg,mosaic_disease
4014881433.jpg,green_mottle
4014913503.jpg,mosaic_disease
4016073096.jpg,brown_streak_disease
4019065947.jpg,mosaic_disease
4020073258.jpg,mosaic_disease
4020462779.jpg,brown_streak_disease
4022871563.jpg,mosaic_disease
4024425381.jpg,mosaic_disease
4024636592.jpg,mosaic_disease
4026736343.jpg,brown_streak_disease
4031321038.jpg,mosaic_disease
4031627524.jpg,mosaic_disease
4031789905.jpg,mosaic_disease
4032292698.jpg,mosaic_disease
4032326580.jpg,mosaic_disease
403345253.jpg,mosaic_disease
4034547314.jpg,mosaic_disease
4034666533.jpg,mosaic_disease
4035811730.jpg,mosaic_disease
4035835394.jpg,healthy
4037393509.jpg,healthy
4037648479.jpg,healthy
4037735151.jpg,mosaic_disease
4037829966.jpg,mosaic_disease
4038168935.jpg,mosaic_disease
4043869250.jpg,healthy
4044329664.jpg,mosaic_disease
4047167362.jpg,mosaic_disease
4047585545.jpg,mosaic_disease
4048486399.jpg,mosaic_disease
4049425598.jpg,mosaic_disease
4052176327.jpg,healthy
4052560823.jpg,brown_streak_disease
4053510295.jpg,mosaic_disease
4056643222.jpg,bacterial_blight
4057637286.jpg,mosaic_disease
4058785345.jpg,green_mottle
4059451569.jpg,brown_streak_disease
4060265637.jpg,mosaic_disease
4060346776.jpg,mosaic_disease
4060945579.jpg,healthy
4062580069.jpg,brown_streak_disease
4063529695.jpg,mosaic_disease
4066829254.jpg,mosaic_disease
4068398781.jpg,bacterial_blight
4068888153.jpg,mosaic_disease
40696329.jpg,healthy
4070631340.jpg,mosaic_disease
4071806046.jpg,brown_streak_disease
407426699.jpg,mosaic_disease
4074718278.jpg,healthy
4074847622.jpg,mosaic_disease
4075412353.jpg,mosaic_disease
4077138673.jpg,healthy
4080368773.jpg,brown_streak_disease
4080548789.jpg,mosaic_disease
4081070840.jpg,mosaic_disease
4082694328.jpg,mosaic_disease
408355226.jpg,mosaic_disease
4083849263.jpg,mosaic_disease
4084071481.jpg,brown_streak_disease
408414905.jpg,mosaic_disease
4084618799.jpg,mosaic_disease
4087448407.jpg,mosaic_disease
4088071692.jpg,mosaic_disease
4088770277.jpg,green_mottle
4089645917.jpg,healthy
4091446019.jpg,mosaic_disease
4091571824.jpg,healthy
4091748271.jpg,brown_streak_disease
4092403597.jpg,healthy
4100265698.jpg,mosaic_disease
4102729978.jpg,healthy
4108393166.jpg,green_mottle
4109287296.jpg,mosaic_disease
4109950736.jpg,brown_streak_disease
4110987286.jpg,mosaic_disease
4111582298.jpg,mosaic_disease
4113877744.jpg,bacterial_blight
4116414929.jpg,mosaic_disease
4116832468.jpg,mosaic_disease
4119019208.jpg,mosaic_disease
4119076771.jpg,mosaic_disease
4119270485.jpg,brown_streak_disease
4120101206.jpg,healthy
4120735558.jpg,mosaic_disease
4121873151.jpg,mosaic_disease
4122060123.jpg,mosaic_disease
4123656006.jpg,mosaic_disease
4124483418.jpg,mosaic_disease
4127820008.jpg,bacterial_blight
4129031753.jpg,mosaic_disease
4130177618.jpg,healthy
4132540951.jpg,mosaic_disease
41327518.jpg,mosaic_disease
4133329748.jpg,mosaic_disease
4136963668.jpg,mosaic_disease
4137525990.jpg,green_mottle
4137861888.jpg,brown_streak_disease
4138957556.jpg,mosaic_disease
4140381716.jpg,mosaic_disease
4140868783.jpg,green_mottle
4141721005.jpg,green_mottle
4142424247.jpg,mosaic_disease
4145817013.jpg,brown_streak_disease
414587008.jpg,mosaic_disease
4147695010.jpg,brown_streak_disease
4147991798.jpg,brown_streak_disease
4148306870.jpg,mosaic_disease
4148374755.jpg,brown_streak_disease
4149113936.jpg,healthy
4149713311.jpg,brown_streak_disease
415127331.jpg,healthy
4151371064.jpg,mosaic_disease
4152969433.jpg,mosaic_disease
4154577723.jpg,mosaic_disease
415601411.jpg,mosaic_disease
4156138691.jpg,healthy
4156518225.jpg,mosaic_disease
4157808497.jpg,mosaic_disease
415901273.jpg,green_mottle
4159778976.jpg,healthy
416350020.jpg,mosaic_disease
4166830303.jpg,bacterial_blight
4168406521.jpg,mosaic_disease
4168463468.jpg,mosaic_disease
417083161.jpg,green_mottle
4171083166.jpg,green_mottle
4171842238.jpg,mosaic_disease
4172116548.jpg,mosaic_disease
4172480899.jpg,bacterial_blight
4172651490.jpg,mosaic_disease
4174034867.jpg,healthy
4175366577.jpg,healthy
4175483651.jpg,bacterial_blight
4175885310.jpg,mosaic_disease
417726822.jpg,mosaic_disease
4177483982.jpg,green_mottle
4180192243.jpg,mosaic_disease
4183084622.jpg,mosaic_disease
418334255.jpg,mosaic_disease
4186913818.jpg,brown_streak_disease
4189434450.jpg,healthy
4192202317.jpg,mosaic_disease
4194771487.jpg,mosaic_disease
4195244088.jpg,mosaic_disease
4195466993.jpg,healthy
4195598174.jpg,mosaic_disease
4196953609.jpg,mosaic_disease
4197342074.jpg,mosaic_disease
4197924159.jpg,bacterial_blight
4198716327.jpg,mosaic_disease
4200117481.jpg,mosaic_disease
4201154907.jpg,mosaic_disease
4202232655.jpg,mosaic_disease
4204052226.jpg,mosaic_disease
4204435196.jpg,bacterial_blight
4204930835.jpg,mosaic_disease
4205256960.jpg,mosaic_disease
4205935925.jpg,mosaic_disease
4206128911.jpg,healthy
4206947168.jpg,mosaic_disease
4207507257.jpg,healthy
4208734427.jpg,mosaic_disease
42091153.jpg,mosaic_disease
4210844423.jpg,green_mottle
4212381540.jpg,green_mottle
4213496821.jpg,brown_streak_disease
4213617078.jpg,mosaic_disease
4214231918.jpg,mosaic_disease
4215422065.jpg,mosaic_disease
4215590346.jpg,mosaic_disease
4218379987.jpg,mosaic_disease
4219325672.jpg,brown_streak_disease
4220602838.jpg,healthy
4221079095.jpg,brown_streak_disease
4221337280.jpg,mosaic_disease
4222040143.jpg,healthy
4222895181.jpg,mosaic_disease
4224255718.jpg,mosaic_disease
4224712607.jpg,mosaic_disease
4224873954.jpg,mosaic_disease
4225259568.jpg,green_mottle
4225572023.jpg,healthy
4226241214.jpg,mosaic_disease
422690051.jpg,brown_streak_disease
4227756572.jpg,mosaic_disease
4228743901.jpg,green_mottle
4232654944.jpg,healthy
4233314988.jpg,healthy
4234605337.jpg,green_mottle
4235958385.jpg,mosaic_disease
4236479992.jpg,mosaic_disease
423771558.jpg,bacterial_blight
423907510.jpg,healthy
4241128101.jpg,healthy
4243138480.jpg,mosaic_disease
4245177289.jpg,mosaic_disease
4246064356.jpg,mosaic_disease
424686742.jpg,bacterial_blight
4246986532.jpg,mosaic_disease
4248062879.jpg,healthy
4248343921.jpg,brown_streak_disease
4249429876.jpg,mosaic_disease
4250119562.jpg,mosaic_disease
425031851.jpg,brown_streak_disease
4250538490.jpg,brown_streak_disease
425244758.jpg,brown_streak_disease
4254213032.jpg,green_mottle
4255100884.jpg,mosaic_disease
4255490685.jpg,mosaic_disease
4255738008.jpg,brown_streak_disease
4256268171.jpg,mosaic_disease
4256882986.jpg,mosaic_disease
4256968855.jpg,mosaic_disease
4257203192.jpg,mosaic_disease
4258928980.jpg,healthy
4262071206.jpg,mosaic_disease
4262629224.jpg,healthy
4270811965.jpg,mosaic_disease
4270972443.jpg,healthy
4271000778.jpg,mosaic_disease
4271208803.jpg,mosaic_disease
4273381406.jpg,mosaic_disease
4273424873.jpg,mosaic_disease
4274749483.jpg,mosaic_disease
4275236690.jpg,mosaic_disease
4275773216.jpg,mosaic_disease
4276702530.jpg,mosaic_disease
4277213356.jpg,brown_streak_disease
4278355555.jpg,bacterial_blight
4280091186.jpg,healthy
4280760906.jpg,healthy
4284191566.jpg,mosaic_disease
4285401686.jpg,mosaic_disease
4286158151.jpg,bacterial_blight
4286577227.jpg,healthy
4290607578.jpg,mosaic_disease
4290786696.jpg,mosaic_disease
4290868604.jpg,mosaic_disease
4292224219.jpg,mosaic_disease
429832892.jpg,bacterial_blight
432371484.jpg,healthy
43400769.jpg,mosaic_disease
436004250.jpg,mosaic_disease
436314229.jpg,mosaic_disease
437931902.jpg,mosaic_disease
438286664.jpg,mosaic_disease
438352262.jpg,mosaic_disease
441579945.jpg,healthy
443656391.jpg,bacterial_blight
446986430.jpg,mosaic_disease
44779769.jpg,healthy
450239051.jpg,mosaic_disease
451285147.jpg,bacterial_blight
454183787.jpg,brown_streak_disease
454771505.jpg,healthy
455503561.jpg,mosaic_disease
458078692.jpg,green_mottle
458698920.jpg,healthy
459018171.jpg,healthy
459183399.jpg,mosaic_disease
461654762.jpg,bacterial_blight
462938008.jpg,mosaic_disease
463752462.jpg,mosaic_disease
467000681.jpg,mosaic_disease
467561327.jpg,mosaic_disease
467965750.jpg,mosaic_disease
469651575.jpg,mosaic_disease
470635054.jpg,mosaic_disease
471719560.jpg,brown_streak_disease
472536044.jpg,mosaic_disease
473737593.jpg,healthy
473895860.jpg,mosaic_disease
475006659.jpg,mosaic_disease
475593787.jpg,mosaic_disease
477523981.jpg,bacterial_blight
477888939.jpg,mosaic_disease
482191440.jpg,healthy
483210216.jpg,healthy
483725147.jpg,brown_streak_disease
483774797.jpg,mosaic_disease
486182898.jpg,brown_streak_disease
486378688.jpg,mosaic_disease
486827297.jpg,mosaic_disease
488621358.jpg,mosaic_disease
489859226.jpg,mosaic_disease
490760030.jpg,brown_streak_disease
490933333.jpg,mosaic_disease
491244285.jpg,brown_streak_disease
491402925.jpg,mosaic_disease
493875479.jpg,mosaic_disease
494174224.jpg,mosaic_disease
494373942.jpg,mosaic_disease
494596361.jpg,mosaic_disease
495499602.jpg,mosaic_disease
495907528.jpg,healthy
496814023.jpg,mosaic_disease
497620321.jpg,healthy
498197766.jpg,mosaic_disease
499499899.jpg,brown_streak_disease
500785791.jpg,mosaic_disease
503851333.jpg,mosaic_disease
505261633.jpg,mosaic_disease
505820957.jpg,healthy
50589657.jpg,brown_streak_disease
506080526.jpg,healthy
506567755.jpg,mosaic_disease
508241911.jpg,bacterial_blight
508653988.jpg,brown_streak_disease
509720498.jpg,mosaic_disease
510931414.jpg,mosaic_disease
511322441.jpg,mosaic_disease
51284514.jpg,mosaic_disease
512994798.jpg,mosaic_disease
514040790.jpg,mosaic_disease
515316460.jpg,mosaic_disease
515738750.jpg,green_mottle
522854384.jpg,mosaic_disease
525349447.jpg,mosaic_disease
525691978.jpg,mosaic_disease
527474755.jpg,mosaic_disease
527923260.jpg,mosaic_disease
529324614.jpg,mosaic_disease
531614810.jpg,green_mottle
532304081.jpg,mosaic_disease
532464272.jpg,mosaic_disease
533133014.jpg,mosaic_disease
533486476.jpg,healthy
534270890.jpg,bacterial_blight
53515353.jpg,mosaic_disease
53822293.jpg,mosaic_disease
539156114.jpg,mosaic_disease
541016077.jpg,mosaic_disease
541812079.jpg,mosaic_disease
542432519.jpg,brown_streak_disease
5430583.jpg,mosaic_disease
543312121.jpg,mosaic_disease
543499151.jpg,mosaic_disease
543908014.jpg,bacterial_blight
544308898.jpg,mosaic_disease
544841387.jpg,mosaic_disease
545818494.jpg,mosaic_disease
549591801.jpg,mosaic_disease
550691642.jpg,bacterial_blight
550916089.jpg,mosaic_disease
55220429.jpg,mosaic_disease
553154853.jpg,green_mottle
553826173.jpg,brown_streak_disease
556066757.jpg,mosaic_disease
556223341.jpg,mosaic_disease
55799003.jpg,mosaic_disease
559509734.jpg,mosaic_disease
561647799.jpg,brown_streak_disease
564643932.jpg,mosaic_disease
5664536.jpg,mosaic_disease
5666225.jpg,mosaic_disease
568347975.jpg,mosaic_disease
568805661.jpg,mosaic_disease
569345273.jpg,mosaic_disease
570348622.jpg,mosaic_disease
571328280.jpg,mosaic_disease
572515769.jpg,mosaic_disease
573623784.jpg,mosaic_disease
575135832.jpg,mosaic_disease
575181306.jpg,brown_streak_disease
57665451.jpg,mosaic_disease
578646228.jpg,mosaic_disease
580838214.jpg,mosaic_disease
580859644.jpg,mosaic_disease
581902083.jpg,mosaic_disease
582352615.jpg,mosaic_disease
585228910.jpg,mosaic_disease
586054705.jpg,bacterial_blight
58667011.jpg,mosaic_disease
586687554.jpg,mosaic_disease
587692768.jpg,brown_streak_disease
589122135.jpg,mosaic_disease
591372512.jpg,mosaic_disease
591741499.jpg,mosaic_disease
591760666.jpg,mosaic_disease
596706595.jpg,green_mottle
596964772.jpg,brown_streak_disease
597213250.jpg,mosaic_disease
600610735.jpg,mosaic_disease
600869262.jpg,brown_streak_disease
601096842.jpg,healthy
602912992.jpg,mosaic_disease
605088351.jpg,mosaic_disease
605794963.jpg,mosaic_disease
6103.jpg,mosaic_disease
611122414.jpg,mosaic_disease
612054401.jpg,mosaic_disease
61393807.jpg,mosaic_disease
61492497.jpg,mosaic_disease
616514000.jpg,brown_streak_disease
616745238.jpg,mosaic_disease
616889374.jpg,brown_streak_disease
619953066.jpg,mosaic_disease
620126996.jpg,green_mottle
62069424.jpg,mosaic_disease
620790397.jpg,mosaic_disease
621125183.jpg,mosaic_disease
622130666.jpg,mosaic_disease
622587109.jpg,mosaic_disease
629637059.jpg,healthy
631563709.jpg,healthy
632517607.jpg,mosaic_disease
634816572.jpg,mosaic_disease
635122883.jpg,green_mottle
640668148.jpg,mosaic_disease
643541195.jpg,mosaic_disease
643613398.jpg,green_mottle
645764425.jpg,mosaic_disease
64610911.jpg,green_mottle
6477704.jpg,healthy
650816529.jpg,mosaic_disease
651123589.jpg,brown_streak_disease
65139094.jpg,mosaic_disease
651635547.jpg,healthy
651791438.jpg,mosaic_disease
652381513.jpg,healthy
657031133.jpg,bacterial_blight
657747231.jpg,brown_streak_disease
657747378.jpg,mosaic_disease
658285764.jpg,mosaic_disease
659737430.jpg,mosaic_disease
660374182.jpg,mosaic_disease
661256835.jpg,mosaic_disease
662050128.jpg,mosaic_disease
664137344.jpg,brown_streak_disease
66571398.jpg,healthy
667058681.jpg,mosaic_disease
669360547.jpg,mosaic_disease
670541081.jpg,green_mottle
671937589.jpg,mosaic_disease
674380607.jpg,mosaic_disease
678699468.jpg,bacterial_blight
678707458.jpg,bacterial_blight
678743430.jpg,brown_streak_disease
6788393.jpg,mosaic_disease
680852379.jpg,mosaic_disease
683096346.jpg,mosaic_disease
685497354.jpg,mosaic_disease
685742976.jpg,mosaic_disease
685840333.jpg,mosaic_disease
686958649.jpg,brown_streak_disease
687693766.jpg,brown_streak_disease
687913373.jpg,mosaic_disease
690163.jpg,mosaic_disease
69026823.jpg,mosaic_disease
690564008.jpg,mosaic_disease
690578148.jpg,mosaic_disease
690967280.jpg,brown_streak_disease
691285209.jpg,green_mottle
695172067.jpg,mosaic_disease
696538469.jpg,mosaic_disease
697372150.jpg,mosaic_disease
699957994.jpg,mosaic_disease
701052546.jpg,mosaic_disease
701148586.jpg,brown_streak_disease
701939948.jpg,mosaic_disease
702921718.jpg,brown_streak_disease
703444371.jpg,bacterial_blight
705886704.jpg,mosaic_disease
707347112.jpg,mosaic_disease
709094492.jpg,mosaic_disease
710255784.jpg,bacterial_blight
710380163.jpg,mosaic_disease
710999120.jpg,healthy
712382120.jpg,brown_streak_disease
7145099.jpg,mosaic_disease
715597792.jpg,healthy
716011398.jpg,mosaic_disease
717745388.jpg,mosaic_disease
717753643.jpg,mosaic_disease
717891487.jpg,brown_streak_disease
717911960.jpg,mosaic_disease
719168391.jpg,mosaic_disease
719526260.jpg,mosaic_disease
720076710.jpg,mosaic_disease
72286182.jpg,mosaic_disease
723119750.jpg,mosaic_disease
726063333.jpg,mosaic_disease
726374295.jpg,mosaic_disease
728024398.jpg,healthy
731897320.jpg,mosaic_disease
732483696.jpg,healthy
732560190.jpg,green_mottle
733045784.jpg,healthy
73533711.jpg,mosaic_disease
736571688.jpg,mosaic_disease
737556184.jpg,mosaic_disease
738656611.jpg,healthy
742154911.jpg,mosaic_disease
743348334.jpg,bacterial_blight
745112623.jpg,mosaic_disease
745442190.jpg,mosaic_disease
745792080.jpg,mosaic_disease
747082270.jpg,mosaic_disease
747749936.jpg,mosaic_disease
752076516.jpg,healthy
752869166.jpg,mosaic_disease
753617544.jpg,mosaic_disease
753901704.jpg,brown_streak_disease
754271436.jpg,mosaic_disease
756009491.jpg,mosaic_disease
756195820.jpg,mosaic_disease
759532134.jpg,mosaic_disease
76026574.jpg,bacterial_blight
760863006.jpg,green_mottle
761719454.jpg,mosaic_disease
762372916.jpg,mosaic_disease
763846038.jpg,mosaic_disease
767516217.jpg,mosaic_disease
76786311.jpg,mosaic_disease
767931500.jpg,mosaic_disease
769509727.jpg,brown_streak_disease
769621297.jpg,mosaic_disease
770144532.jpg,mosaic_disease
773525225.jpg,mosaic_disease
773722195.jpg,mosaic_disease
774618628.jpg,bacterial_blight
776473897.jpg,brown_streak_disease
77896504.jpg,mosaic_disease
779905140.jpg,mosaic_disease
781490175.jpg,brown_streak_disease
781931652.jpg,mosaic_disease
783137555.jpg,mosaic_disease
790193480.jpg,mosaic_disease
790574591.jpg,mosaic_disease
792366511.jpg,brown_streak_disease
794210543.jpg,healthy
794817264.jpg,healthy
795263399.jpg,healthy
795383461.jpg,healthy
796933103.jpg,brown_streak_disease
797009430.jpg,mosaic_disease
798065416.jpg,mosaic_disease
801531661.jpg,mosaic_disease
802386066.jpg,mosaic_disease
803019874.jpg,mosaic_disease
803734282.jpg,healthy
807777679.jpg,bacterial_blight
808194984.jpg,mosaic_disease
808606006.jpg,green_mottle
809104607.jpg,green_mottle
811026048.jpg,brown_streak_disease
813017538.jpg,green_mottle
813435800.jpg,green_mottle
813688651.jpg,mosaic_disease
813697698.jpg,bacterial_blight
814288392.jpg,mosaic_disease
816704728.jpg,mosaic_disease
818188540.jpg,mosaic_disease
81845086.jpg,mosaic_disease
819817921.jpg,mosaic_disease
82105739.jpg,green_mottle
823167906.jpg,mosaic_disease
825551560.jpg,mosaic_disease
825637783.jpg,mosaic_disease
826682979.jpg,mosaic_disease
827007782.jpg,mosaic_disease
827085399.jpg,mosaic_disease
827284043.jpg,mosaic_disease
829835342.jpg,mosaic_disease
830213771.jpg,mosaic_disease
830793434.jpg,healthy
830812751.jpg,healthy
833599102.jpg,brown_streak_disease
833991576.jpg,mosaic_disease
834333640.jpg,mosaic_disease
838121109.jpg,mosaic_disease
839547710.jpg,mosaic_disease
839709957.jpg,mosaic_disease
841248971.jpg,mosaic_disease
843483418.jpg,mosaic_disease
845640217.jpg,mosaic_disease
846277174.jpg,healthy
846734911.jpg,mosaic_disease
84787134.jpg,brown_streak_disease
848032997.jpg,mosaic_disease
848445335.jpg,mosaic_disease
850402862.jpg,mosaic_disease
851450770.jpg,brown_streak_disease
851691285.jpg,brown_streak_disease
852760236.jpg,mosaic_disease
855456135.jpg,mosaic_disease
856327781.jpg,healthy
857300948.jpg,mosaic_disease
857708502.jpg,mosaic_disease
857910285.jpg,brown_streak_disease
857983591.jpg,mosaic_disease
85888563.jpg,mosaic_disease
860785504.jpg,green_mottle
86271785.jpg,healthy
864600398.jpg,healthy
864903108.jpg,brown_streak_disease
865580599.jpg,mosaic_disease
865733342.jpg,mosaic_disease
866506259.jpg,brown_streak_disease
867127390.jpg,brown_streak_disease
868275841.jpg,bacterial_blight
870659549.jpg,brown_streak_disease
870679029.jpg,healthy
871530899.jpg,mosaic_disease
872498616.jpg,brown_streak_disease
872867609.jpg,mosaic_disease
874716908.jpg,mosaic_disease
875836279.jpg,mosaic_disease
876588489.jpg,mosaic_disease
879089403.jpg,mosaic_disease
879395678.jpg,mosaic_disease
879965131.jpg,mosaic_disease
881299929.jpg,healthy
883338295.jpg,mosaic_disease
884672332.jpg,healthy
885374983.jpg,mosaic_disease
886468951.jpg,mosaic_disease
886507028.jpg,mosaic_disease
887896841.jpg,mosaic_disease
889052134.jpg,mosaic_disease
895206716.jpg,mosaic_disease
895356426.jpg,mosaic_disease
897533656.jpg,mosaic_disease
897638042.jpg,bacterial_blight
897745173.jpg,mosaic_disease
898210047.jpg,mosaic_disease
898386629.jpg,mosaic_disease
899398361.jpg,mosaic_disease
901886086.jpg,mosaic_disease
902299178.jpg,mosaic_disease
90333661.jpg,brown_streak_disease
905336234.jpg,brown_streak_disease
91058248.jpg,mosaic_disease
911449508.jpg,brown_streak_disease
912912811.jpg,bacterial_blight
913261951.jpg,mosaic_disease
913436788.jpg,mosaic_disease
913877640.jpg,mosaic_disease
915715866.jpg,mosaic_disease
917306689.jpg,healthy
917489819.jpg,mosaic_disease
918301064.jpg,mosaic_disease
919581401.jpg,mosaic_disease
920401054.jpg,mosaic_disease
921975951.jpg,mosaic_disease
922802657.jpg,mosaic_disease
924049818.jpg,mosaic_disease
927713688.jpg,mosaic_disease
929341901.jpg,healthy
929638503.jpg,mosaic_disease
931943521.jpg,mosaic_disease
932643551.jpg,mosaic_disease
933070130.jpg,mosaic_disease
934025261.jpg,healthy
936336303.jpg,mosaic_disease
937045512.jpg,mosaic_disease
938742634.jpg,mosaic_disease
938932168.jpg,mosaic_disease
939534770.jpg,mosaic_disease
93971994.jpg,healthy
942994246.jpg,bacterial_blight
943096902.jpg,mosaic_disease
944255811.jpg,healthy
944732366.jpg,mosaic_disease
94506249.jpg,mosaic_disease
94536090.jpg,mosaic_disease
948186989.jpg,brown_streak_disease
948846771.jpg,brown_streak_disease
950405197.jpg,mosaic_disease
951048679.jpg,mosaic_disease
95121846.jpg,brown_streak_disease
952111080.jpg,healthy
952519185.jpg,brown_streak_disease
953808797.jpg,healthy
953844785.jpg,mosaic_disease
953936588.jpg,brown_streak_disease
955110808.jpg,mosaic_disease
955346673.jpg,brown_streak_disease
95553397.jpg,green_mottle
957199549.jpg,green_mottle
957970680.jpg,brown_streak_disease
958289716.jpg,mosaic_disease
960202242.jpg,green_mottle
960261822.jpg,brown_streak_disease
96041444.jpg,brown_streak_disease
964570288.jpg,healthy
966432144.jpg,mosaic_disease
967319500.jpg,mosaic_disease
969211018.jpg,green_mottle
969351419.jpg,brown_streak_disease
969719974.jpg,mosaic_disease
970946808.jpg,healthy
972840038.jpg,green_mottle
974489379.jpg,mosaic_disease
975110881.jpg,mosaic_disease
975158492.jpg,mosaic_disease
976801924.jpg,green_mottle
979089486.jpg,mosaic_disease
981248959.jpg,mosaic_disease
982968211.jpg,mosaic_disease
983368345.jpg,mosaic_disease
984082173.jpg,healthy
984192870.jpg,mosaic_disease
984672636.jpg,mosaic_disease
985972952.jpg,brown_streak_disease
988318054.jpg,healthy
990768027.jpg,green_mottle
997161074.jpg,mosaic_disease
997179968.jpg,mosaic_disease
999068805.jpg,mosaic_disease
